event_id,flow_id,sensor_id,cluster_id,grid_id,batch_id,src,dst,src_role,dst_role,link_type,start_time_sec,end_time_sec,payload_bytes,distance_m,rate_bps,deadline_sec,success_by_deadline
1,S488,488,27,27_5,1,S_488,UAV_0,SENSOR,SLAVE,access,123.6672552816795,123.992250109007,362,78.02985066791483,1113863.8820094252,1560.0,True
2,S488,488,27,27_5,1,UAV_0,UAV_1,SLAVE,MASTER,relay,123.992250109007,124.03783022298246,362,125.01969501280179,7942060.0,1560.0,True
3,S488,488,27,27_5,1,UAV_1,SAT_0,MASTER,SATELLITE,satellite,349.0,349.002375328084,362,,152400000.0,1560.0,True
4,S0,0,27,27_5,1,S_0,UAV_0,SENSOR,SLAVE,access,124.03783022298248,125.27411657720305,1550,64.06311938263487,1253754.8398139733,2100.0,True
5,S0,0,27,27_5,1,UAV_0,UAV_1,SLAVE,MASTER,relay,125.27411657720305,125.46928004864496,1550,125.01969501280179,7942060.0,2100.0,True
6,S0,0,27,27_5,1,UAV_1,SAT_0,MASTER,SATELLITE,satellite,349.0,349.01017060367457,1550,,152400000.0,2100.0,True
7,S232,232,27,27_5,1,S_232,UAV_0,SENSOR,SLAVE,access,125.46928004864496,126.80394720748005,1500,76.93175646725503,1123875.709438456,2100.0,True
8,S232,232,27,27_5,1,UAV_0,UAV_1,SLAVE,MASTER,relay,126.80394720748005,126.992815083069,1500,125.01969501280179,7942060.0,2100.0,True
9,S232,232,27,27_5,1,UAV_1,SAT_0,MASTER,SATELLITE,satellite,349.0,349.00984251968504,1500,,152400000.0,2100.0,True
10,S41,41,27,27_3,1,S_41,UAV_1,SENSOR,MASTER,access,131.55038380984683,132.47860059191567,1250,56.239492871685535,1346668.175093718,1740.0,True
11,S41,41,27,27_3,1,UAV_1,SAT_0,MASTER,SATELLITE,satellite,349.0,349.00820209973756,1250,,152400000.0,1740.0,True
12,S180,180,27,27_3,1,S_180,UAV_1,SENSOR,MASTER,access,132.47860059191567,133.414931097033,1310,52.26531957500442,1399078.6296510124,1560.0,True
13,S180,180,27,27_3,1,UAV_1,SAT_0,MASTER,SATELLITE,satellite,349.0,349.0085958005249,1310,,152400000.0,1560.0,True
14,S478,478,27,27_3,1,S_478,UAV_1,SENSOR,MASTER,access,133.414931097033,134.53811607829525,1505,56.771623163504565,1339939.5692672504,2160.0,True
15,S478,478,27,27_3,1,UAV_1,SAT_0,MASTER,SATELLITE,satellite,349.0,349.009875328084,1505,,152400000.0,2160.0,True
16,S442,442,27,27_3,1,S_442,UAV_1,SENSOR,MASTER,access,134.53811607829525,135.7420228176706,1675,52.83625383946347,1391303.7822755787,1860.0,True
17,S442,442,27,27_3,1,UAV_1,SAT_0,MASTER,SATELLITE,satellite,349.0,349.0109908136483,1675,,152400000.0,1860.0,True
18,S15,15,27,27_1,1,S_15,UAV_2,SENSOR,SLAVE,access,131.88942388462448,132.1777232731828,383,57.68979301012036,1328480.0981202696,1800.0,True
19,S15,15,27,27_1,1,UAV_2,UAV_1,SLAVE,MASTER,relay,132.1777232731828,132.22594753741652,383,22.014593491543167,7942060.0,1800.0,True
20,S15,15,27,27_1,1,UAV_1,SAT_0,MASTER,SATELLITE,satellite,349.0,349.00251312335956,383,,152400000.0,1800.0,True
21,S431,431,27,27_1,1,S_431,UAV_2,SENSOR,SLAVE,access,132.22594753741654,132.91509290761945,972,51.44211548364783,1410442.6178090838,4080.0,True
22,S431,431,27,27_1,1,UAV_2,UAV_1,SLAVE,MASTER,relay,132.91509290761945,133.0374792910011,972,22.014593491543167,7942060.0,4080.0,True
23,S431,431,27,27_1,1,UAV_1,SAT_0,MASTER,SATELLITE,satellite,349.0,349.0063779527559,972,,152400000.0,4080.0,True
24,S53,53,27,27_1,1,S_53,UAV_2,SENSOR,SLAVE,access,133.0374792910011,134.1153845896092,1475,54.55582896011887,1368394.7948903146,1980.0,True
25,S53,53,27,27_1,1,UAV_2,UAV_1,SLAVE,MASTER,relay,134.1153845896092,134.30110466727166,1475,22.014593491543167,7942060.0,1980.0,True
26,S53,53,27,27_1,1,UAV_1,SAT_0,MASTER,SATELLITE,satellite,349.0,349.0096784776903,1475,,152400000.0,1980.0,True
27,S58,58,27,27_1,1,S_58,UAV_2,SENSOR,SLAVE,access,134.30110466727166,135.48037889952982,1570,57.460253450144414,1331327.3173056853,1320.0,True
28,S58,58,27,27_1,1,UAV_2,UAV_1,SLAVE,MASTER,relay,135.48037889952982,135.67806060931292,1570,22.014593491543167,7942060.0,1320.0,True
29,S58,58,27,27_1,1,UAV_1,SAT_0,MASTER,SATELLITE,satellite,349.0,349.01030183727033,1570,,152400000.0,1320.0,True
30,S388,388,27,27_2,1,S_388,UAV_3,SENSOR,SLAVE,access,129.4942542811856,130.32769745327238,1150,53.69135191840139,1379818.130995801,1560.0,True
31,S388,388,27,27_2,1,UAV_3,UAV_1,SLAVE,MASTER,relay,130.32769745327238,130.4724961578906,1150,94.1331585374908,7942060.0,1560.0,True
32,S388,388,27,27_2,1,UAV_1,SAT_0,MASTER,SATELLITE,satellite,349.0,349.00754593175856,1150,,152400000.0,1560.0,True
33,S487,487,27,27_2,1,S_487,UAV_3,SENSOR,SLAVE,access,130.47249615789056,131.3302923492754,1200,52.27590450146927,1398933.700163322,1620.0,True
34,S487,487,27,27_2,1,UAV_3,UAV_1,SLAVE,MASTER,relay,131.3302923492754,131.48138664974655,1200,94.1331585374908,7942060.0,1620.0,True
35,S487,487,27,27_2,1,UAV_1,SAT_0,MASTER,SATELLITE,satellite,349.0,349.00787401574803,1200,,152400000.0,1620.0,True
36,S305,305,27,27_2,1,S_305,UAV_3,SENSOR,SLAVE,access,131.48138664974655,132.6261667640383,1565,54.656636726947816,1367074.7600016212,1680.0,True
37,S305,305,27,27_2,1,UAV_3,UAV_1,SLAVE,MASTER,relay,132.6261667640383,132.8232189142361,1565,94.1331585374908,7942060.0,1680.0,True
38,S305,305,27,27_2,1,UAV_1,SAT_0,MASTER,SATELLITE,satellite,349.0,349.0102690288714,1565,,152400000.0,1680.0,True
39,S159,159,27,27_6,2,S_159,UAV_3,SENSOR,MASTER,access,249.0414383377627,249.3933686073537,369,85.61790452577742,1048503.1606654855,2160.0,True
40,S159,159,27,27_6,2,UAV_3,SAT_0,MASTER,SATELLITE,satellite,349.0,349.0024212598425,369,,152400000.0,2160.0,True
41,S211,211,27,27_6,2,S_211,UAV_3,SENSOR,MASTER,access,249.3933686073537,250.28866261963282,1080,68.4829714794418,1206307.6321159427,1620.0,True
42,S211,211,27,27_6,2,UAV_3,SAT_0,MASTER,SATELLITE,satellite,349.0,349.0070866141732,1080,,152400000.0,1620.0,True
43,S339,339,27,27_6,2,S_339,UAV_3,SENSOR,MASTER,access,250.28866261963282,251.29442068942114,1130,76.96933280518896,1123530.6322104207,1920.0,True
44,S339,339,27,27_6,2,UAV_3,SAT_0,MASTER,SATELLITE,satellite,349.0,349.00741469816273,1130,,152400000.0,1920.0,True
45,S482,482,27,27_6,2,S_482,UAV_3,SENSOR,MASTER,access,251.29442068942114,252.59251927428107,1585,67.0799754627994,1221016.6612045346,1860.0,True
46,S482,482,27,27_6,2,UAV_3,SAT_0,MASTER,SATELLITE,satellite,349.0,349.0104002624672,1585,,152400000.0,1860.0,True
47,S43,43,27,27_6,2,S_43,UAV_3,SENSOR,MASTER,access,252.59251927428107,254.04220493763688,1520,85.61790452577753,1048503.1606654846,1980.0,True
48,S43,43,27,27_6,2,UAV_3,SAT_0,MASTER,SATELLITE,satellite,349.0,349.00997375328086,1520,,152400000.0,1980.0,True
49,S494,494,27,27_4,3,S_494,UAV_0,SENSOR,MASTER,access,129.9922098492279,131.00953888618133,1295,62.360557313059125,1272941.155673769,1920.0,True
50,S494,494,27,27_4,3,UAV_0,SAT_0,MASTER,SATELLITE,satellite,349.0,349.0084973753281,1295,,152400000.0,1920.0,True
51,S193,193,27,27_4,3,S_193,UAV_0,SENSOR,MASTER,access,131.00953888618133,132.17218961915506,1480,62.359501117624525,1272953.2249247094,1860.0,True
52,S193,193,27,27_4,3,UAV_0,SAT_0,MASTER,SATELLITE,satellite,349.0,349.0097112860892,1480,,152400000.0,1860.0,True
53,S255,255,27,27_4,3,S_255,UAV_0,SENSOR,MASTER,access,132.17218961915506,133.3399451184768,1495,61.725719408201805,1280233.7483046097,1560.0,True
54,S255,255,27,27_4,3,UAV_0,SAT_0,MASTER,SATELLITE,satellite,349.0,349.0098097112861,1495,,152400000.0,1560.0,True
55,S142,142,27,27_7,3,S_142,UAV_1,SENSOR,SLAVE,access,143.121947583275,144.47626610544995,1395,87.90089201228076,1030038.3382187649,1680.0,True
56,S142,142,27,27_7,3,UAV_1,UAV_0,SLAVE,MASTER,relay,144.47626610544995,144.6519132297477,1395,78.9228848459619,7942060.0,1680.0,True
57,S142,142,27,27_7,3,UAV_0,SAT_0,MASTER,SATELLITE,satellite,349.0,349.0091535433071,1395,,152400000.0,1680.0,True
58,S324,324,27,27_7,3,S_324,UAV_1,SENSOR,SLAVE,access,144.6519132297477,146.01223697819123,1475,81.36980393791531,1084300.7053928638,2040.0,True
59,S324,324,27,27_7,3,UAV_1,UAV_0,SLAVE,MASTER,relay,146.01223697819123,146.1979570558537,1475,78.9228848459619,7942060.0,2040.0,True
60,S324,324,27,27_7,3,UAV_0,SAT_0,MASTER,SATELLITE,satellite,349.0,349.0096784776903,1475,,152400000.0,2040.0,True
61,S399,399,27,27_7,3,S_399,UAV_1,SENSOR,SLAVE,access,146.19795705585372,147.84352687312008,1695,87.90089201228075,1030038.3382187649,1980.0,True
62,S399,399,27,27_7,3,UAV_1,UAV_0,SLAVE,MASTER,relay,147.84352687312008,148.0569475725356,1695,78.9228848459619,7942060.0,1980.0,True
63,S399,399,27,27_7,3,UAV_0,SAT_0,MASTER,SATELLITE,satellite,349.0,349.0111220472441,1695,,152400000.0,1980.0,True
64,S429,429,27,27_8,4,S_429,UAV_2,SENSOR,MASTER,access,206.2207814868999,206.99377327288073,1106,50.0,1430804.3371982595,3060.0,True
65,S429,429,27,27_8,4,UAV_2,SAT_0,MASTER,SATELLITE,satellite,349.0,349.0072572178478,1106,,152400000.0,3060.0,True
66,S226,226,36,36_6,5,S_226,UAV_0,SENSOR,SLAVE,access,265.86271451699963,266.7139839521937,1218,50.0,1430804.3371982595,3360.0,True
67,S226,226,36,36_6,5,UAV_0,UAV_1,SLAVE,MASTER,relay,266.7139839521937,266.86734466717195,1218,167.8115997942862,7942060.0,3360.0,True
68,S226,226,36,36_6,5,UAV_1,SAT_0,MASTER,SATELLITE,satellite,349.0,349.00799212598423,1218,,152400000.0,3360.0,True
69,S98,98,36,36_3,5,S_98,UAV_1,SENSOR,MASTER,access,272.2713033999778,273.0411080416114,1013,58.71379159217221,1315918.280059098,3600.0,True
70,S98,98,36,36_3,5,UAV_1,SAT_0,MASTER,SATELLITE,satellite,349.0,349.0066469816273,1013,,152400000.0,3600.0,True
71,S382,382,36,36_3,5,S_382,UAV_1,SENSOR,MASTER,access,273.0411080416114,274.1012042657761,1395,58.71379159217221,1315918.280059098,2040.0,True
72,S382,382,36,36_3,5,UAV_1,SAT_0,MASTER,SATELLITE,satellite,349.0,349.0091535433071,1395,,152400000.0,2040.0,True
73,S179,179,36,36_2,5,S_179,UAV_2,SENSOR,SLAVE,access,279.0256386609048,280.05601894923456,1435,52.734018179634745,1392689.6857917495,2100.0,True
74,S179,179,36,36_2,5,UAV_2,UAV_1,SLAVE,MASTER,relay,280.05601894923456,280.23670255021466,1435,101.85072658905013,7942060.0,2100.0,True
75,S179,179,36,36_2,5,UAV_1,SAT_0,MASTER,SATELLITE,satellite,349.0,349.0094160104987,1435,,152400000.0,2100.0,True
76,S280,280,36,36_2,5,S_280,UAV_2,SENSOR,SLAVE,access,280.23670255021466,281.3065747659717,1490,52.734018179634745,1392689.6857917495,2040.0,True
77,S280,280,36,36_2,5,UAV_2,UAV_1,SLAVE,MASTER,relay,281.3065747659717,281.49418352239,1490,101.85072658905013,7942060.0,2040.0,True
78,S280,280,36,36_2,5,UAV_1,SAT_0,MASTER,SATELLITE,satellite,349.0,349.00977690288715,1490,,152400000.0,2040.0,True
79,S160,160,36,36_1,5,S_160,UAV_3,SENSOR,SLAVE,access,282.2153747998833,282.5234983569623,412,56.9956647017255,1337125.9370940356,1980.0,True
80,S160,160,36,36_1,5,UAV_3,UAV_1,SLAVE,MASTER,relay,282.5234983569623,282.57537406679074,412,152.1654275994008,7942060.0,1980.0,True
81,S160,160,36,36_1,5,UAV_1,SAT_0,MASTER,SATELLITE,satellite,349.0,349.0027034120735,412,,152400000.0,1980.0,True
82,S258,258,36,36_1,5,S_258,UAV_3,SENSOR,SLAVE,access,282.57537406679074,283.5909314969012,1325,59.64384839811927,1304702.1869121958,1920.0,True
83,S258,258,36,36_1,5,UAV_3,UAV_1,SLAVE,MASTER,relay,283.5909314969012,283.75776478700476,1325,152.1654275994008,7942060.0,1920.0,True
84,S258,258,36,36_1,5,UAV_1,SAT_0,MASTER,SATELLITE,satellite,349.0,349.0086942257218,1325,,152400000.0,1920.0,True
85,S222,222,36,36_1,5,S_222,UAV_3,SENSOR,SLAVE,access,283.75776478700476,285.0369748682404,1745,54.88273820529091,1364123.0831408305,1920.0,True
86,S222,222,36,36_1,5,UAV_3,UAV_1,SLAVE,MASTER,relay,285.0369748682404,285.2566911635089,1745,152.1654275994008,7942060.0,1920.0,True
87,S222,222,36,36_1,5,UAV_1,SAT_0,MASTER,SATELLITE,satellite,349.0,349.0114501312336,1745,,152400000.0,1920.0,True
88,S283,283,36,36_10,6,S_283,UAV_0,SENSOR,SLAVE,access,290.7389928354383,291.6762279032505,1341,50.0,1430804.3371982595,4080.0,True
89,S283,283,36,36_10,6,UAV_0,UAV_1,SLAVE,MASTER,relay,291.6762279032505,291.845075784027,1341,151.57469200380854,7942060.0,4080.0,True
90,S283,283,36,36_10,6,UAV_1,SAT_0,MASTER,SATELLITE,satellite,349.0,349.00879921259843,1341,,152400000.0,4080.0,True
91,S369,369,36,36_11,6,S_369,UAV_1,SENSOR,MASTER,access,301.1517457416676,301.77377348988,890,50.0,1430804.3371982595,4140.0,True
92,S369,369,36,36_11,6,UAV_1,SAT_0,MASTER,SATELLITE,satellite,349.0,349.00583989501314,890,,152400000.0,4140.0,True
93,S366,366,36,36_5,6,S_366,UAV_2,SENSOR,SLAVE,access,317.73320497252513,318.5145836494931,1118,50.0,1430804.3371982595,3300.0,True
94,S366,366,36,36_5,6,UAV_2,UAV_1,SLAVE,MASTER,relay,318.5145836494931,318.6553531727654,1118,199.4038908919486,7942060.0,3300.0,True
95,S366,366,36,36_5,6,UAV_1,SAT_0,MASTER,SATELLITE,satellite,349.0,349.0073359580052,1118,,152400000.0,3300.0,True
96,S12,12,36,36_13,7,S_12,UAV_0,SENSOR,SLAVE,access,358.5504592827561,359.1452296352603,851,50.0,1430804.3371982595,4320.0,True
97,S12,12,36,36_13,7,UAV_0,UAV_3,SLAVE,MASTER,relay,359.1452296352603,359.2523806766778,851,218.61643330884084,7942060.0,4320.0,True
98,S12,12,36,36_13,7,UAV_3,SAT_0,MASTER,SATELLITE,satellite,359.2523806766778,359.2579646661791,851,,152400000.0,4320.0,True
99,S296,296,36,36_4,7,S_296,UAV_3,SENSOR,MASTER,access,342.6674673887204,343.37336404680417,1010,50.0,1430804.3371982595,3240.0,True
100,S296,296,36,36_4,7,UAV_3,SAT_0,MASTER,SATELLITE,satellite,349.0,349.0066272965879,1010,,152400000.0,3240.0,True
101,S95,95,36,36_12,8,S_95,UAV_1,SENSOR,MASTER,access,355.2297645238298,355.776310253158,782,50.0,1430804.3371982595,4320.0,True
102,S95,95,36,36_12,8,UAV_1,SAT_0,MASTER,SATELLITE,satellite,355.776310253158,355.7814414867538,782,,152400000.0,4320.0,True
103,S444,444,36,36_9,9,S_444,UAV_3,SENSOR,MASTER,access,371.89515348344446,372.5926632505411,998,50.0,1430804.3371982595,3900.0,True
104,S444,444,36,36_9,9,UAV_3,SAT_0,MASTER,SATELLITE,satellite,372.5926632505411,372.59921180697154,998,,152400000.0,3900.0,True
105,S172,172,36,36_8,10,S_172,UAV_1,SENSOR,MASTER,access,392.05409178245526,392.75230045713414,999,50.0,1430804.3371982595,3840.0,True
106,S172,172,36,36_8,10,UAV_1,SAT_0,MASTER,SATELLITE,satellite,392.75230045713414,392.75885557524435,999,,152400000.0,3840.0,True
107,S56,56,36,36_7,11,S_56,UAV_2,SENSOR,MASTER,access,394.0428844565192,394.8808746476503,1199,50.0,1430804.3371982595,3480.0,True
108,S56,56,36,36_7,11,UAV_2,SAT_0,MASTER,SATELLITE,satellite,394.8808746476503,394.8887421017185,1199,,152400000.0,3480.0,True
109,S288,288,38,38_2,12,S_288,UAV_0,SENSOR,MASTER,access,581.1470610895128,582.0696441947878,1160,63.74143560447886,1257339.304576098,1440.0,True
110,S288,288,38,38_2,12,UAV_0,SAT_0,MASTER,SATELLITE,satellite,582.0696441947878,582.0713721852541,1160,,671300000.0,1440.0,True
111,S270,270,38,38_2,12,S_270,UAV_0,SENSOR,MASTER,access,582.0696441947878,583.278307603099,1435,70.34502605656196,1187261.887910539,1320.0,True
112,S270,270,38,38_2,12,UAV_0,SAT_0,MASTER,SATELLITE,satellite,583.278307603099,583.2804452464776,1435,,671300000.0,1320.0,True
113,S66,66,38,38_2,12,S_66,UAV_0,SENSOR,MASTER,access,583.278307603099,584.750559372489,1730,71.56450857609099,1175070.7562178392,1380.0,True
114,S66,66,38,38_2,12,UAV_0,SAT_0,MASTER,SATELLITE,satellite,584.750559372489,584.7531364617188,1730,,671300000.0,1380.0,True
115,S33,33,38,38_1,12,S_33,UAV_1,SENSOR,SLAVE,access,580.9879743843247,582.0552353134825,1500,51.800910247272704,1405466.9847080135,1320.0,True
116,S33,33,38,38_1,12,UAV_1,UAV_0,SLAVE,MASTER,relay,582.0552353134825,582.2441031890714,1500,118.30566041539987,7942060.0,1320.0,True
117,S33,33,38,38_1,12,UAV_0,SAT_0,MASTER,SATELLITE,satellite,582.2441031890714,582.2463376595019,1500,,671300000.0,1320.0,True
118,S356,356,38,38_1,12,S_356,UAV_1,SENSOR,SLAVE,access,582.2441031890714,583.4821258668944,1740,51.80091024727265,1405466.9847080144,1440.0,True
119,S356,356,38,38_1,12,UAV_1,UAV_0,SLAVE,MASTER,relay,583.4821258668944,583.7012126025776,1740,118.30566041539987,7942060.0,1440.0,True
120,S356,356,38,38_1,12,UAV_0,SAT_0,MASTER,SATELLITE,satellite,583.7012126025776,583.703804588277,1740,,671300000.0,1440.0,True
121,S17,17,38,38_7,12,S_17,UAV_2,SENSOR,SLAVE,access,586.1288849757974,586.4223629155039,400,54.97175141833723,1362964.454500672,1560.0,True
122,S17,17,38,38_7,12,UAV_2,UAV_0,SLAVE,MASTER,relay,586.4223629155039,586.4727276823276,400,75.90619465818303,7942060.0,1560.0,True
123,S17,17,38,38_7,12,UAV_0,SAT_0,MASTER,SATELLITE,satellite,586.4727276823276,586.473323541109,400,,671300000.0,1560.0,True
124,S421,421,38,38_7,12,S_421,UAV_2,SENSOR,SLAVE,access,586.4727276823276,587.3828238583767,1245,54.58692892886307,1367987.2883376596,1500.0,True
125,S421,421,38,38_7,12,UAV_2,UAV_0,SLAVE,MASTER,relay,587.3828238583767,587.5395841951155,1245,75.90619465818303,7942060.0,1500.0,True
126,S421,421,38,38_7,12,UAV_0,SAT_0,MASTER,SATELLITE,satellite,587.5395841951155,587.5414388055729,1245,,671300000.0,1500.0,True
127,S321,321,38,38_7,12,S_321,UAV_2,SENSOR,SLAVE,access,587.5395841951156,588.7749633474932,1710,53.36418491667883,1384190.429884568,1500.0,True
128,S321,321,38,38_7,12,UAV_2,UAV_0,SLAVE,MASTER,relay,588.7749633474932,588.9902727256646,1710,75.90619465818303,7942060.0,1500.0,True
129,S321,321,38,38_7,12,UAV_0,SAT_0,MASTER,SATELLITE,satellite,588.9902727256646,588.9928200219554,1710,,671300000.0,1500.0,True
130,S347,347,38,38_3,12,S_347,UAV_3,SENSOR,SLAVE,access,581.2413113322236,581.9813206433953,985,57.48141567415223,1331064.3327451763,2400.0,True
131,S347,347,38,38_3,12,UAV_3,UAV_0,SLAVE,MASTER,relay,581.9813206433953,582.1053438816987,985,5.764365957375886,7942060.0,2400.0,True
132,S347,347,38,38_3,12,UAV_0,SAT_0,MASTER,SATELLITE,satellite,582.1053438816987,582.106811183948,985,,671300000.0,2400.0,True
133,S198,198,38,38_3,12,S_198,UAV_3,SENSOR,SLAVE,access,582.1053438816988,583.5205845322262,1515,82.98166724811784,1070489.3188557322,1320.0,True
134,S198,198,38,38_3,12,UAV_3,UAV_0,SLAVE,MASTER,relay,583.5205845322262,583.711341086571,1515,5.764365957375886,7942060.0,1320.0,True
135,S198,198,38,38_3,12,UAV_0,SAT_0,MASTER,SATELLITE,satellite,583.711341086571,583.7135979017058,1515,,671300000.0,1320.0,True
136,S22,22,38,38_3,12,S_22,UAV_3,SENSOR,SLAVE,access,583.711341086571,585.3603071448357,1770,82.63919373085587,1073399.8987600168,1560.0,True
137,S22,22,38,38_3,12,UAV_3,UAV_0,SLAVE,MASTER,relay,585.3603071448357,585.5831712380307,1770,5.764365957375886,7942060.0,1560.0,True
138,S22,22,38,38_3,12,UAV_0,SAT_0,MASTER,SATELLITE,satellite,585.5831712380307,585.5858079131386,1770,,671300000.0,1560.0,True
139,S277,277,38,38_9,13,S_277,UAV_0,SENSOR,MASTER,access,657.124833219206,658.2863426132674,1570,55.84571452660435,1351689.455141081,1560.0,True
140,S277,277,38,38_9,13,UAV_0,SAT_0,MASTER,SATELLITE,satellite,792.0,792.0023457343493,1570,,669300000.0,1560.0,True
141,S423,423,38,38_9,13,S_423,UAV_0,SENSOR,MASTER,access,658.2863426132674,659.5033381248794,1645,55.84571452660415,1351689.4551410836,1680.0,True
142,S423,423,38,38_9,13,UAV_0,SAT_0,MASTER,SATELLITE,satellite,792.0,792.0024577917227,1645,,669300000.0,1680.0,True
143,S188,188,38,38_6,13,S_188,UAV_1,SENSOR,SLAVE,access,647.9270451341692,648.2075742850577,368,59.05299544772803,1311806.629844196,1680.0,True
144,S188,188,38,38_6,13,UAV_1,UAV_0,SLAVE,MASTER,relay,648.2075742850577,648.2539098705355,368,57.47108544531727,7942060.0,1680.0,True
145,S188,188,38,38_6,13,UAV_0,SAT_0,MASTER,SATELLITE,satellite,792.0,792.0005498281787,368,,669300000.0,1680.0,True
146,S322,322,38,38_6,13,S_322,UAV_1,SENSOR,SLAVE,access,648.2539098705355,649.3698530012846,1415,62.795771614241204,1267985.761111506,1440.0,True
147,S322,322,38,38_6,13,UAV_1,UAV_0,SLAVE,MASTER,relay,649.3698530012846,649.5480183639235,1415,57.47108544531727,7942060.0,1440.0,True
148,S322,322,38,38_6,13,UAV_0,SAT_0,MASTER,SATELLITE,satellite,792.0,792.002114149111,1415,,669300000.0,1440.0,True
149,S471,471,38,38_6,13,S_471,UAV_1,SENSOR,SLAVE,access,649.5480183639235,650.8968220330781,1725,61.8403620729734,1278911.1117120911,1920.0,True
150,S471,471,38,38_6,13,UAV_1,UAV_0,SLAVE,MASTER,relay,650.8968220330781,651.1140200900054,1725,57.47108544531727,7942060.0,1920.0,True
151,S471,471,38,38_6,13,UAV_0,SAT_0,MASTER,SATELLITE,satellite,792.0,792.0025773195877,1725,,669300000.0,1920.0,True
152,S27,27,38,38_4,13,S_27,UAV_2,SENSOR,SLAVE,access,663.041265799431,664.1779426570131,1615,50.70274574571695,1420808.3759490692,1320.0,True
153,S27,27,38,38_4,13,UAV_2,UAV_0,SLAVE,MASTER,relay,664.1779426570131,664.3812904030639,1615,72.02348355715343,7942060.0,1320.0,True
154,S27,27,38,38_4,13,UAV_0,SAT_0,MASTER,SATELLITE,satellite,792.0,792.0024129687733,1615,,669300000.0,1320.0,True
155,S332,332,38,38_4,13,S_332,UAV_2,SENSOR,SLAVE,access,664.3812904030638,665.6557078477867,1550,67.53210270313873,1216241.982890395,1920.0,True
156,S332,332,38,38_4,13,UAV_2,UAV_0,SLAVE,MASTER,relay,665.6557078477867,665.8508713192286,1550,72.02348355715343,7942060.0,1920.0,True
157,S332,332,38,38_4,13,UAV_0,SAT_0,MASTER,SATELLITE,satellite,792.0,792.002315852383,1550,,669300000.0,1920.0,True
158,S475,475,38,38_4,13,S_475,UAV_2,SENSOR,SLAVE,access,665.8508713192286,667.2033982202411,1645,67.53210270313873,1216241.982890395,1920.0,True
159,S475,475,38,38_4,13,UAV_2,UAV_0,SLAVE,MASTER,relay,667.2033982202411,667.4105233238037,1645,72.02348355715343,7942060.0,1920.0,True
160,S475,475,38,38_4,13,UAV_0,SAT_0,MASTER,SATELLITE,satellite,792.0,792.0024577917227,1645,,669300000.0,1920.0,True
161,S378,378,38,38_8,13,S_378,UAV_3,SENSOR,SLAVE,access,664.6120100648209,665.5004314873117,1250,51.690819689787595,1406989.9355818902,1500.0,True
162,S378,378,38,38_8,13,UAV_3,UAV_0,SLAVE,MASTER,relay,665.5004314873117,665.6578213836359,1250,94.55453145703721,7942060.0,1500.0,True
163,S378,378,38,38_8,13,UAV_0,SAT_0,MASTER,SATELLITE,satellite,792.0,792.0018676228896,1250,,669300000.0,1500.0,True
164,S338,338,38,38_8,13,S_338,UAV_3,SENSOR,SLAVE,access,665.6578213836359,666.6777291766555,1435,51.69081968978749,1406989.9355818913,1980.0,True
165,S338,338,38,38_8,13,UAV_3,UAV_0,SLAVE,MASTER,relay,666.6777291766555,666.8584127776355,1435,94.55453145703721,7942060.0,1980.0,True
166,S338,338,38,38_8,13,UAV_0,SAT_0,MASTER,SATELLITE,satellite,792.0,792.0021440310773,1435,,669300000.0,1980.0,True
167,S223,223,38,38_5,14,S_223,UAV_1,SENSOR,MASTER,access,659.8816374280632,660.9617885714883,1545,50.03134933382222,1430355.380730094,1800.0,True
168,S223,223,38,38_5,14,UAV_1,SAT_0,MASTER,SATELLITE,satellite,792.0,792.0023083818916,1545,,669300000.0,1800.0,True
169,S218,218,38,38_5,14,S_218,UAV_1,SENSOR,MASTER,access,660.9617885714883,662.1572956622696,1710,50.03134933382222,1430355.380730094,1440.0,True
170,S218,218,38,38_5,14,UAV_1,SAT_0,MASTER,SATELLITE,satellite,792.0,792.002554908113,1710,,669300000.0,1440.0,True
171,S304,304,2,2_5,15,S_304,UAV_0,SENSOR,SLAVE,access,937.7792995362895,938.1035768970543,362,77.75803142668131,1116328.3158166641,2280.0,True
172,S304,304,2,2_5,15,UAV_0,UAV_2,SLAVE,MASTER,relay,938.1035768970543,938.1491570110297,362,94.42615908053862,7942060.0,2280.0,True
173,S304,304,2,2_5,15,UAV_2,SAT_0,MASTER,SATELLITE,satellite,938.1491570110297,938.1496978746186,362,,669300000.0,2280.0,True
174,S177,177,2,2_5,15,S_177,UAV_0,SENSOR,SLAVE,access,938.1491570110297,939.2509828891556,1400,62.564186809148765,1270618.1873140421,1440.0,True
175,S177,177,2,2_5,15,UAV_0,UAV_2,SLAVE,MASTER,relay,939.2509828891556,939.4272595730386,1400,94.42615908053862,7942060.0,1440.0,True
176,S177,177,2,2_5,15,UAV_2,SAT_0,MASTER,SATELLITE,satellite,939.4272595730386,939.4293513106749,1400,,669300000.0,1440.0,True
177,S173,173,2,2_5,15,S_173,UAV_0,SENSOR,SLAVE,access,939.4272595730387,940.5967762836987,1340,74.58630564805807,1145772.4270086403,1620.0,True
178,S173,173,2,2_5,15,UAV_0,UAV_2,SLAVE,MASTER,relay,940.5967762836987,940.7654982525581,1340,94.42615908053862,7942060.0,1620.0,True
179,S173,173,2,2_5,15,UAV_2,SAT_0,MASTER,SATELLITE,satellite,940.7654982525581,940.7675003442957,1340,,669300000.0,1620.0,True
180,S318,318,2,2_5,15,S_318,UAV_0,SENSOR,SLAVE,access,940.765498252558,942.313509063617,1535,92.86611287565898,991595.1419938639,1500.0,True
181,S318,318,2,2_5,15,UAV_0,UAV_2,SLAVE,MASTER,relay,942.313509063617,942.506783856303,1535,94.42615908053862,7942060.0,1500.0,True
182,S318,318,2,2_5,15,UAV_2,SAT_0,MASTER,SATELLITE,satellite,942.506783856303,942.5090772972113,1535,,669300000.0,1500.0,True
183,S422,422,2,2_4,15,S_422,UAV_1,SENSOR,SLAVE,access,938.0618970672297,938.4314662455492,435,71.36541783358098,1177046.208176487,2220.0,True
184,S422,422,2,2_4,15,UAV_1,UAV_2,SLAVE,MASTER,relay,938.4314662455492,938.48623792947,435,46.412005051404975,7942060.0,2220.0,True
185,S422,422,2,2_4,15,UAV_2,SAT_0,MASTER,SATELLITE,satellite,938.48623792947,938.4868878622356,435,,669300000.0,2220.0,True
186,S40,40,2,2_4,15,S_40,UAV_1,SENSOR,SLAVE,access,938.4862379294701,939.447652299064,1130,71.53616055215056,1175351.685743385,1980.0,True
187,S40,40,2,2_4,15,UAV_1,UAV_2,SLAVE,MASTER,relay,939.447652299064,939.589932765341,1130,46.412005051404975,7942060.0,1980.0,True
188,S40,40,2,2_4,15,UAV_2,SAT_0,MASTER,SATELLITE,satellite,939.589932765341,939.5916210964332,1130,,669300000.0,1980.0,True
189,S362,362,2,2_4,15,S_362,UAV_1,SENSOR,SLAVE,access,939.5899327653409,940.69994807906,1520,54.48296443545914,1369350.4776138237,1380.0,True
190,S362,362,2,2_4,15,UAV_1,UAV_2,SLAVE,MASTER,relay,940.69994807906,940.8913341929901,1520,46.412005051404975,7942060.0,1380.0,True
191,S362,362,2,2_4,15,UAV_2,SAT_0,MASTER,SATELLITE,satellite,940.8913341929901,940.8936052224238,1520,,669300000.0,1380.0,True
192,S125,125,2,2_6,15,S_125,UAV_2,SENSOR,MASTER,access,939.8376240485456,940.195061243761,455,62.3597044123991,1272950.9018386053,1440.0,True
193,S125,125,2,2_6,15,UAV_2,SAT_0,MASTER,SATELLITE,satellite,940.195061243761,940.1957410584928,455,,669300000.0,1440.0,True
194,S438,438,2,2_6,15,S_438,UAV_2,SENSOR,MASTER,access,940.195061243761,941.3548654366905,1415,67.1728139199946,1220033.526888634,1800.0,True
195,S438,438,2,2_6,15,UAV_2,SAT_0,MASTER,SATELLITE,satellite,941.3548654366905,941.3569795858015,1415,,669300000.0,1800.0,True
196,S235,235,2,2_6,15,S_235,UAV_2,SENSOR,MASTER,access,941.3548654366905,942.7951967603351,1710,70.34850112842983,1187226.8358873012,1800.0,True
197,S235,235,2,2_6,15,UAV_2,SAT_0,MASTER,SATELLITE,satellite,942.7951967603351,942.7977516684481,1710,,669300000.0,1800.0,True
198,S80,80,2,2_3,15,S_80,UAV_3,SENSOR,SLAVE,access,945.1844505272213,945.5477240299676,388,83.2679812311641,1068065.7880818704,2100.0,True
199,S80,80,2,2_3,15,UAV_3,UAV_2,SLAVE,MASTER,relay,945.5477240299676,945.5965778537867,388,104.43931928909792,7942060.0,2100.0,True
200,S80,80,2,2_3,15,UAV_2,SAT_0,MASTER,SATELLITE,satellite,945.5965778537867,945.5971575639317,388,,669300000.0,2100.0,True
201,S174,174,2,2_3,15,S_174,UAV_3,SENSOR,SLAVE,access,945.5965778537866,946.6576302523231,1495,51.547430985847726,1408978.48406166,1380.0,True
202,S174,174,2,2_3,15,UAV_3,UAV_2,SLAVE,MASTER,relay,946.6576302523231,946.8458685683268,1495,104.43931928909792,7942060.0,1380.0,True
203,S174,174,2,2_3,15,UAV_2,SAT_0,MASTER,SATELLITE,satellite,946.8458685683268,946.8481022453027,1495,,669300000.0,1380.0,True
204,S192,192,2,2_3,15,S_192,UAV_3,SENSOR,SLAVE,access,946.8458685683268,948.1774363999222,1415,83.91075015027229,1062657.0922072998,1680.0,True
205,S192,192,2,2_3,15,UAV_3,UAV_2,SLAVE,MASTER,relay,948.1774363999222,948.355601762561,1415,104.43931928909792,7942060.0,1680.0,True
206,S192,192,2,2_3,15,UAV_2,SAT_0,MASTER,SATELLITE,satellite,948.355601762561,948.357715911672,1415,,669300000.0,1680.0,True
207,S130,130,2,2_11,16,S_130,UAV_0,SENSOR,SLAVE,access,949.6584755420544,950.4056077474916,1069,50.0,1430804.3371982595,3120.0,True
208,S130,130,2,2_11,16,UAV_0,UAV_3,SLAVE,MASTER,relay,950.4056077474916,950.5402075868279,1069,134.47863967769908,7942060.0,3120.0,True
209,S130,130,2,2_11,16,UAV_3,SAT_0,MASTER,SATELLITE,satellite,950.5402075868279,950.5418047779231,1069,,669300000.0,3120.0,True
210,S7,7,2,2_7,16,S_7,UAV_1,SENSOR,SLAVE,access,946.6370272939685,947.5071672338836,1245,50.0,1430804.3371982595,1620.0,True
211,S7,7,2,2_7,16,UAV_1,UAV_3,SLAVE,MASTER,relay,947.5071672338836,947.6639275706224,1245,118.51248803947172,7942060.0,1620.0,True
212,S7,7,2,2_7,16,UAV_3,SAT_0,MASTER,SATELLITE,satellite,947.6639275706224,947.6657877230205,1245,,669300000.0,1620.0,True
213,S495,495,2,2_1,16,S_495,UAV_2,SENSOR,SLAVE,access,945.6190333481929,946.5022643287102,1185,56.63468671658351,1341664.8941661734,2100.0,True
214,S495,495,2,2_1,16,UAV_2,UAV_3,SLAVE,MASTER,relay,946.5022643287102,946.6514699504255,1185,100.62043785801642,7942060.0,2100.0,True
215,S495,495,2,2_1,16,UAV_3,SAT_0,MASTER,SATELLITE,satellite,946.6514699504255,946.6532404569249,1185,,669300000.0,2100.0,True
216,S132,132,2,2_1,16,S_132,UAV_2,SENSOR,SLAVE,access,946.6514699504255,947.5326852820846,1220,53.344704764660534,1384451.6273941172,1380.0,True
217,S132,132,2,2_1,16,UAV_2,UAV_3,SLAVE,MASTER,relay,947.5326852820846,947.6862978208969,1220,100.62043785801642,7942060.0,1380.0,True
218,S132,132,2,2_1,16,UAV_3,SAT_0,MASTER,SATELLITE,satellite,947.6862978208969,947.6881206208371,1220,,669300000.0,1380.0,True
219,S491,491,2,2_1,16,S_491,UAV_2,SENSOR,SLAVE,access,947.6862978208969,948.9220605916009,1695,54.31013785697037,1371622.4830387835,1260.0,True
220,S491,491,2,2_1,16,UAV_2,UAV_3,SLAVE,MASTER,relay,948.9220605916009,949.1354812910165,1695,100.62043785801642,7942060.0,1260.0,True
221,S491,491,2,2_1,16,UAV_3,SAT_0,MASTER,SATELLITE,satellite,949.1354812910165,949.1380137876548,1695,,669300000.0,1260.0,True
222,S201,201,2,2_2,16,S_201,UAV_3,SENSOR,MASTER,access,954.181541102889,955.240464649948,1145,81.71869736457124,1081286.7493409303,1320.0,True
223,S201,201,2,2_2,16,UAV_3,SAT_0,MASTER,SATELLITE,satellite,955.240464649948,955.2421753925148,1145,,669300000.0,1320.0,True
224,S254,254,2,2_2,16,S_254,UAV_3,SENSOR,MASTER,access,955.240464649948,956.5795795851948,1600,69.59996295334578,1194819.0240332715,1560.0,True
225,S254,254,2,2_2,16,UAV_3,SAT_0,MASTER,SATELLITE,satellite,956.5795795851948,956.5819701424934,1600,,669300000.0,1560.0,True
226,S319,319,2,2_2,16,S_319,UAV_3,SENSOR,MASTER,access,956.5795795851948,958.0148180755446,1490,86.88944065342096,1038154.9895842767,1800.0,True
227,S319,319,2,2_2,16,UAV_3,SAT_0,MASTER,SATELLITE,satellite,958.0148180755446,958.0170442820289,1490,,669300000.0,1800.0,True
228,S171,171,2,2_2,16,S_171,UAV_3,SENSOR,MASTER,access,958.0148180755446,959.4501184634505,1585,79.0944034618531,1104298.4544248923,2220.0,True
229,S171,171,2,2_2,16,UAV_3,SAT_0,MASTER,SATELLITE,satellite,959.4501184634505,959.4524866092745,1585,,669300000.0,2220.0,True
230,S439,439,2,2_10,17,S_439,UAV_0,SENSOR,SLAVE,access,960.5739008624497,961.629251311664,1510,50.0,1430804.3371982595,2160.0,True
231,S439,439,2,2_10,17,UAV_0,UAV_1,SLAVE,MASTER,relay,961.629251311664,961.8193783064236,1510,190.60227840683365,7942060.0,2160.0,True
232,S439,439,2,2_10,17,UAV_1,SAT_0,MASTER,SATELLITE,satellite,961.8193783064236,961.8216343948742,1510,,669300000.0,2160.0,True
233,S371,371,2,2_8,17,S_371,UAV_1,SENSOR,MASTER,access,954.4529580104833,955.730594103331,1690,58.154163522281664,1322755.3678709893,1680.0,True
234,S371,371,2,2_8,17,UAV_1,SAT_0,MASTER,SATELLITE,satellite,955.730594103331,955.7331191294777,1690,,669300000.0,1680.0,True
235,S271,271,2,2_8,17,S_271,UAV_1,SENSOR,MASTER,access,955.730594103331,957.012010184619,1695,58.154163522281436,1322755.367870992,1680.0,True
236,S271,271,2,2_8,17,UAV_1,SAT_0,MASTER,SATELLITE,satellite,957.012010184619,957.0145426812574,1695,,669300000.0,1680.0,True
237,S272,272,2,2_9,17,S_272,UAV_2,SENSOR,SLAVE,access,955.2309819142909,956.1255836195851,1280,50.0,1430804.3371982595,2160.0,True
238,S272,272,2,2_9,17,UAV_2,UAV_1,SLAVE,MASTER,relay,956.1255836195851,956.2867508734209,1280,137.9815522312894,7942060.0,2160.0,True
239,S272,272,2,2_9,17,UAV_1,SAT_0,MASTER,SATELLITE,satellite,956.2867508734209,956.2886633192599,1280,,669300000.0,2160.0,True
240,S93,93,7,7_4,18,S_93,UAV_0,SENSOR,SLAVE,access,1122.2945276233493,1122.5737242632451,372,57.374479140543215,1332394.2585368878,1440.0,True
241,S93,93,7,7_4,18,UAV_0,UAV_3,SLAVE,MASTER,relay,1122.5737242632451,1122.6205634963912,372,127.19147020508355,7942060.0,1440.0,True
242,S93,93,7,7_4,18,UAV_3,SAT_0,MASTER,SATELLITE,satellite,1239.0,1239.0005548926015,372,,670400000.0,1440.0,True
243,S91,91,7,7_4,18,S_91,UAV_0,SENSOR,SLAVE,access,1122.6205634963912,1123.409369056957,1051,57.37447914054313,1332394.2585368888,2940.0,True
244,S91,91,7,7_4,18,UAV_0,UAV_3,SLAVE,MASTER,relay,1123.409369056957,1123.5417024817864,1051,127.19147020508355,7942060.0,2940.0,True
245,S91,91,7,7_4,18,UAV_3,SAT_0,MASTER,SATELLITE,satellite,1239.0,1239.0015677207637,1051,,670400000.0,2940.0,True
246,S344,344,7,7_4,18,S_344,UAV_0,SENSOR,SLAVE,access,1123.5417024817864,1124.4834084816387,1280,55.25925505083322,1359235.260474822,1560.0,True
247,S344,344,7,7_4,18,UAV_0,UAV_3,SLAVE,MASTER,relay,1124.4834084816387,1124.6445757354745,1280,127.19147020508355,7942060.0,1560.0,True
248,S344,344,7,7_4,18,UAV_3,SAT_0,MASTER,SATELLITE,satellite,1239.0,1239.0019093078758,1280,,670400000.0,1560.0,True
249,S253,253,7,7_5,18,S_253,UAV_1,SENSOR,SLAVE,access,1126.0552143490813,1126.381045593698,388,69.99512703427249,1190800.4723621844,1980.0,True
250,S253,253,7,7_5,18,UAV_1,UAV_3,SLAVE,MASTER,relay,1126.381045593698,1126.429899417517,388,93.94884664838148,7942060.0,1980.0,True
251,S253,253,7,7_5,18,UAV_3,SAT_0,MASTER,SATELLITE,satellite,1239.0,1239.0005787589498,388,,670400000.0,1980.0,True
252,S309,309,7,7_5,18,S_309,UAV_1,SENSOR,SLAVE,access,1126.4298994175172,1126.7697497442161,374,79.52312971915626,1100484.4504129612,1440.0,True
253,S309,309,7,7_5,18,UAV_1,UAV_3,SLAVE,MASTER,relay,1126.7697497442161,1126.8168408011963,374,93.94884664838148,7942060.0,1440.0,True
254,S309,309,7,7_5,18,UAV_3,SAT_0,MASTER,SATELLITE,satellite,1239.0,1239.000557875895,374,,670400000.0,1440.0,True
255,S26,26,7,7_5,18,S_26,UAV_1,SENSOR,SLAVE,access,1126.8168408011963,1127.739450398634,1235,56.87862592152449,1338594.3560851817,2280.0,True
256,S26,26,7,7_5,18,UAV_1,UAV_3,SLAVE,MASTER,relay,1127.739450398634,1127.8949516162022,1235,93.94884664838148,7942060.0,2280.0,True
257,S26,26,7,7_5,18,UAV_3,SAT_0,MASTER,SATELLITE,satellite,1239.0,1239.0018421837708,1235,,670400000.0,2280.0,True
258,S213,213,7,7_5,18,S_213,UAV_1,SENSOR,SLAVE,access,1127.8949516162022,1129.086440388652,1320,78.69651332120321,1107857.6907493642,2100.0,True
259,S213,213,7,7_5,18,UAV_1,UAV_3,SLAVE,MASTER,relay,1129.086440388652,1129.25264411917,1320,93.94884664838148,7942060.0,2100.0,True
260,S213,213,7,7_5,18,UAV_3,SAT_0,MASTER,SATELLITE,satellite,1239.0,1239.0019689737471,1320,,670400000.0,2100.0,True
261,S197,197,7,7_1,18,S_197,UAV_2,SENSOR,SLAVE,access,1131.0487811142893,1131.3125187684898,356,55.99150295502686,1349826.2168106737,1440.0,True
262,S197,197,7,7_1,18,UAV_2,UAV_3,SLAVE,MASTER,relay,1131.3125187684898,1131.3573434109628,356,80.93254980998674,7942060.0,1440.0,True
263,S197,197,7,7_1,18,UAV_3,SAT_0,MASTER,SATELLITE,satellite,1239.0,1239.000531026253,356,,670400000.0,1440.0,True
264,S419,419,7,7_1,18,S_419,UAV_2,SENSOR,SLAVE,access,1131.357343410963,1132.199926824236,1160,53.924543998097,1376718.2948618813,2520.0,True
265,S419,419,7,7_1,18,UAV_2,UAV_3,SLAVE,MASTER,relay,1132.199926824236,1132.3459846480248,1160,80.93254980998674,7942060.0,2520.0,True
266,S419,419,7,7_1,18,UAV_3,SAT_0,MASTER,SATELLITE,satellite,1239.0,1239.0017303102625,1160,,670400000.0,2520.0,True
267,S63,63,7,7_1,18,S_63,UAV_2,SENSOR,SLAVE,access,1132.3459846480248,1133.4286855501632,1420,59.075484896342196,1311534.8820670964,1260.0,True
268,S63,63,7,7_1,18,UAV_2,UAV_3,SLAVE,MASTER,relay,1133.4286855501632,1133.6074804723874,1420,80.93254980998674,7942060.0,1260.0,True
269,S63,63,7,7_1,18,UAV_3,SAT_0,MASTER,SATELLITE,satellite,1239.0,1239.0021181384247,1420,,670400000.0,1260.0,True
270,S310,310,7,7_7,18,S_310,UAV_3,SENSOR,MASTER,access,1130.4757371025253,1131.4605554992631,1235,64.03761855930573,1254038.3121302205,1620.0,True
271,S310,310,7,7_7,18,UAV_3,SAT_0,MASTER,SATELLITE,satellite,1239.0,1239.0018421837708,1235,,670400000.0,1620.0,True
272,S92,92,7,7_7,18,S_92,UAV_3,SENSOR,MASTER,access,1131.4605554992631,1132.7045366319846,1560,64.0376185593057,1254038.3121302207,2100.0,True
273,S92,92,7,7_7,18,UAV_3,SAT_0,MASTER,SATELLITE,satellite,1239.0,1239.0023269689736,1560,,670400000.0,2100.0,True
274,S460,460,7,7_6,19,S_460,UAV_1,SENSOR,MASTER,access,1200.3416486046813,1200.6687135997522,358,80.19126701694704,1094583.6619488935,1680.0,True
275,S460,460,7,7_6,19,UAV_1,SAT_0,MASTER,SATELLITE,satellite,1239.0,1239.0005340095465,358,,670400000.0,1680.0,True
276,S289,289,7,7_6,19,S_289,UAV_1,SENSOR,MASTER,access,1200.6687135997522,1201.5548935306306,1205,55.21801197914067,1359769.001771037,1620.0,True
277,S289,289,7,7_6,19,UAV_1,SAT_0,MASTER,SATELLITE,satellite,1239.0,1239.0017974343675,1205,,670400000.0,1620.0,True
278,S50,50,7,7_6,19,S_50,UAV_1,SENSOR,MASTER,access,1201.5548935306306,1202.4955598144963,1125,69.48811035822874,1195960.7985274938,1980.0,True
279,S50,50,7,7_6,19,UAV_1,SAT_0,MASTER,SATELLITE,satellite,1239.0,1239.0016781026252,1125,,670400000.0,1980.0,True
280,S466,466,7,7_6,19,S_466,UAV_1,SENSOR,MASTER,access,1202.4955598144963,1203.4860201297072,1315,57.755636890393426,1327665.5104753668,1680.0,True
281,S466,466,7,7_6,19,UAV_1,SAT_0,MASTER,SATELLITE,satellite,1239.0,1239.0019615155131,1315,,670400000.0,1680.0,True
282,S496,496,7,7_6,19,S_496,UAV_1,SENSOR,MASTER,access,1203.4860201297072,1204.763882998805,1515,70.51264423372446,1185573.2227899393,2160.0,True
283,S496,496,7,7_6,19,UAV_1,SAT_0,MASTER,SATELLITE,satellite,1239.0,1239.0022598448688,1515,,670400000.0,2160.0,True
284,S200,200,7,7_8,20,S_200,UAV_0,SENSOR,SLAVE,access,1126.9189872734858,1128.1150383375239,1690,51.2598942885162,1412983.1499788712,1620.0,True
285,S200,200,7,7_8,20,UAV_0,UAV_2,SLAVE,MASTER,relay,1128.1150383375239,1128.327829477354,1690,74.24136457487374,7942060.0,1620.0,True
286,S200,200,7,7_8,20,UAV_2,SAT_0,MASTER,SATELLITE,satellite,1239.0,1239.0025208830548,1690,,670400000.0,1620.0,True
287,S143,143,7,7_8,20,S_143,UAV_0,SENSOR,SLAVE,access,1128.327829477354,1129.559266667547,1740,51.25989428851622,1412983.1499788712,2100.0,True
288,S143,143,7,7_8,20,UAV_0,UAV_2,SLAVE,MASTER,relay,1129.559266667547,1129.7783534032303,1740,74.24136457487374,7942060.0,2100.0,True
289,S143,143,7,7_8,20,UAV_2,SAT_0,MASTER,SATELLITE,satellite,1239.0,1239.0025954653938,1740,,670400000.0,2100.0,True
290,S472,472,7,7_9,20,S_472,UAV_1,SENSOR,SLAVE,access,1281.1149689112594,1282.2529354758008,1430,63.80518900384641,1256627.4305048103,2100.0,True
291,S472,472,7,7_9,20,UAV_1,UAV_2,SLAVE,MASTER,relay,1282.2529354758008,1282.4329895171957,1430,62.25603932202537,7942060.0,2100.0,True
292,S472,472,7,7_9,20,UAV_2,SAT_0,MASTER,SATELLITE,satellite,1282.4329895171957,1282.4351225720882,1430,,670400000.0,2100.0,True
293,S395,395,7,7_9,20,S_395,UAV_1,SENSOR,SLAVE,access,1282.4329895171957,1283.6899223332757,1290,88.36998534169189,1026307.8372185124,1980.0,True
294,S395,395,7,7_9,20,UAV_1,UAV_2,SLAVE,MASTER,relay,1283.6899223332757,1283.8523487062823,1290,62.25603932202537,7942060.0,1980.0,True
295,S395,395,7,7_9,20,UAV_2,SAT_0,MASTER,SATELLITE,satellite,1283.8523487062823,1283.854272930626,1290,,670400000.0,1980.0,True
296,S440,440,7,7_9,20,S_440,UAV_1,SENSOR,SLAVE,access,1283.852348706282,1285.274923831458,1460,88.36998534169189,1026307.8372185124,1680.0,True
297,S440,440,7,7_9,20,UAV_1,UAV_2,SLAVE,MASTER,relay,1285.274923831458,1285.4587552303644,1460,62.25603932202537,7942060.0,1680.0,True
298,S440,440,7,7_9,20,UAV_2,SAT_0,MASTER,SATELLITE,satellite,1285.4587552303644,1285.4609330346605,1460,,670400000.0,1680.0,True
299,S36,36,7,7_3,20,S_36,UAV_2,SENSOR,MASTER,access,1135.6606322842279,1136.8115338554207,1340,72.65977586928621,1164304.6056588953,1440.0,True
300,S36,36,7,7_3,20,UAV_2,SAT_0,MASTER,SATELLITE,satellite,1239.0,1239.0019988066826,1340,,670400000.0,1440.0,True
301,S185,185,7,7_3,20,S_185,UAV_2,SENSOR,MASTER,access,1136.8115338554207,1138.007239383084,1360,75.47372610049909,1137403.790929884,1320.0,True
302,S185,185,7,7_3,20,UAV_2,SAT_0,MASTER,SATELLITE,satellite,1239.0,1239.0020286396182,1360,,670400000.0,1320.0,True
303,S73,73,7,7_3,20,S_73,UAV_2,SENSOR,MASTER,access,1138.007239383084,1139.2670394980762,1675,57.60133145813671,1329576.0018329152,1860.0,True
304,S73,73,7,7_3,20,UAV_2,SAT_0,MASTER,SATELLITE,satellite,1239.0,1239.0024985083533,1675,,670400000.0,1860.0,True
305,S299,299,7,7_3,20,S_299,UAV_2,SENSOR,MASTER,access,1139.2670394980762,1140.6938608847106,1570,79.53851791872455,1100347.9585509608,1800.0,True
306,S299,299,7,7_3,20,UAV_2,SAT_0,MASTER,SATELLITE,satellite,1239.0,1239.0023418854416,1570,,670400000.0,1800.0,True
307,S286,286,7,7_2,20,S_286,UAV_3,SENSOR,SLAVE,access,1133.6990921554539,1135.105792972252,1725,66.58581300638235,1226273.5468699867,1320.0,True
308,S286,286,7,7_2,20,UAV_3,UAV_2,SLAVE,MASTER,relay,1135.105792972252,1135.3229910291793,1725,60.1050755578304,7942060.0,1320.0,True
309,S286,286,7,7_2,20,UAV_2,SAT_0,MASTER,SATELLITE,satellite,1239.0,1239.002573090692,1725,,670400000.0,1320.0,True
310,S404,404,7,7_2,20,S_404,UAV_3,SENSOR,SLAVE,access,1135.3229910291793,1136.7500788143368,1750,66.58581300638237,1226273.5468699867,1680.0,True
311,S404,404,7,7_2,20,UAV_3,UAV_2,SLAVE,MASTER,relay,1136.7500788143368,1136.9704246691906,1750,60.1050755578304,7942060.0,1680.0,True
312,S404,404,7,7_2,20,UAV_2,SAT_0,MASTER,SATELLITE,satellite,1239.0,1239.0026103818616,1750,,670400000.0,1680.0,True
313,S326,326,40,40_1,21,S_326,UAV_0,SENSOR,MASTER,access,1321.726557839338,1322.040521735383,402,61.711151607050475,1280401.9986508552,1860.0,True
314,S326,326,40,40_1,21,UAV_0,SAT_0,MASTER,SATELLITE,satellite,1322.040521735383,1322.0411213773878,402,,670400000.0,1860.0,True
315,S463,463,40,40_1,21,S_463,UAV_0,SENSOR,MASTER,access,1322.040521735383,1322.9735099048464,1105,70.632671969756,1184366.5720172392,1860.0,True
316,S463,463,40,40_1,21,UAV_0,SAT_0,MASTER,SATELLITE,satellite,1322.9735099048464,1322.975158174536,1105,,670400000.0,1860.0,True
317,S118,118,40,40_1,21,S_118,UAV_0,SENSOR,MASTER,access,1322.9735099048464,1324.4133569341268,1690,71.69937677230143,1173735.7966733128,2100.0,True
318,S118,118,40,40_1,21,UAV_0,SAT_0,MASTER,SATELLITE,satellite,1324.4133569341268,1324.4158778171816,1690,,670400000.0,2100.0,True
319,S263,263,40,40_10,22,S_263,UAV_1,SENSOR,MASTER,access,1342.6319959259488,1343.342976146874,809,75.4244583331018,1137865.6904789666,3780.0,True
320,S263,263,40,40_10,22,UAV_1,SAT_0,MASTER,SATELLITE,satellite,1343.342976146874,1343.3441828891175,809,,670400000.0,3780.0,True
321,S276,276,40,40_10,22,S_276,UAV_1,SENSOR,MASTER,access,1343.342976146874,1344.220935653307,999,75.4244583331018,1137865.6904789666,4440.0,True
322,S276,276,40,40_10,22,UAV_1,SAT_0,MASTER,SATELLITE,satellite,1344.220935653307,1344.2224258084382,999,,670400000.0,4440.0,True
323,S45,45,40,40_8,23,S_45,UAV_0,SENSOR,SLAVE,access,1382.017947106689,1382.5609555486346,722,57.59702304737114,1329629.420516758,3360.0,True
324,S45,45,40,40_8,23,UAV_0,UAV_2,SLAVE,MASTER,relay,1382.5609555486346,1382.6518639527515,722,276.03873600147125,7942060.0,3360.0,True
325,S45,45,40,40_8,23,UAV_2,SAT_0,MASTER,SATELLITE,satellite,1382.6518639527515,1382.6529409217253,722,,670400000.0,3360.0,True
326,S72,72,40,40_8,23,S_72,UAV_0,SENSOR,SLAVE,access,1382.6518639527515,1383.3791342621164,967,57.59702304737124,1329629.4205167568,3300.0,True
327,S72,72,40,40_8,23,UAV_0,UAV_2,SLAVE,MASTER,relay,1383.3791342621164,1383.5008910859128,967,276.03873600147125,7942060.0,3300.0,True
328,S72,72,40,40_8,23,UAV_2,SAT_0,MASTER,SATELLITE,satellite,1383.5008910859128,1383.5023335083472,967,,670400000.0,3300.0,True
329,S169,169,40,40_15,23,S_169,UAV_1,SENSOR,SLAVE,access,1431.6101141768975,1432.5040169746094,1279,50.0,1430804.3371982595,4320.0,True
330,S169,169,40,40_15,23,UAV_1,UAV_2,SLAVE,MASTER,relay,1432.5040169746094,1432.6650583165283,1279,219.97059619852365,7942060.0,4320.0,True
331,S169,169,40,40_15,23,UAV_2,SAT_0,MASTER,SATELLITE,satellite,1432.6650583165283,1432.6668166338227,1279,,727400000.0,4320.0,True
332,S437,437,40,40_11,23,S_437,UAV_2,SENSOR,MASTER,access,1362.7623050154943,1363.2249818349512,662,50.0,1430804.3371982595,4020.0,True
333,S437,437,40,40_11,23,UAV_2,SAT_0,MASTER,SATELLITE,satellite,1363.2249818349512,1363.2259693051183,662,,670400000.0,4020.0,True
334,S224,224,40,40_2,23,S_224,UAV_3,SENSOR,SLAVE,access,1369.2012309852023,1369.9679326029427,1097,50.0,1430804.3371982595,3060.0,True
335,S224,224,40,40_2,23,UAV_3,UAV_2,SLAVE,MASTER,relay,1369.9679326029427,1370.1060579759567,1097,243.28548468330047,7942060.0,3060.0,True
336,S224,224,40,40_2,23,UAV_2,SAT_0,MASTER,SATELLITE,satellite,1370.1060579759567,1370.1076943124722,1097,,670400000.0,3060.0,True
337,S446,446,40,40_6,24,S_446,UAV_2,SENSOR,MASTER,access,1453.3567592370912,1454.2637892602477,981,81.68794600831224,1081551.8504955356,4020.0,True
338,S446,446,40,40_6,24,UAV_2,SAT_0,MASTER,SATELLITE,satellite,1454.2637892602477,1454.265137899236,981,,727400000.0,4020.0,True
339,S380,380,40,40_6,24,S_380,UAV_2,SENSOR,MASTER,access,1454.2637892602477,1455.6858200203035,1538,81.68794600831228,1081551.8504955354,3180.0,True
340,S380,380,40,40_6,24,UAV_2,SAT_0,MASTER,SATELLITE,satellite,1455.6858200203035,1455.687934400287,1538,,727400000.0,3180.0,True
341,S239,239,40,40_9,25,S_239,UAV_3,SENSOR,MASTER,access,1441.2008369948096,1441.7921128094026,846,50.0,1430804.3371982595,3720.0,True
342,S239,239,40,40_9,25,UAV_3,SAT_0,MASTER,SATELLITE,satellite,1441.7921128094026,1441.7932758558695,846,,727400000.0,3720.0,True
343,S266,266,40,40_12,26,S_266,UAV_0,SENSOR,MASTER,access,1459.438087446268,1460.051029395911,877,50.0,1430804.3371982595,4020.0,True
344,S266,266,40,40_12,26,UAV_0,SAT_0,MASTER,SATELLITE,satellite,1460.051029395911,1460.0522350599197,877,,727400000.0,4020.0,True
345,S402,402,40,40_7,27,S_402,UAV_1,SENSOR,MASTER,access,1476.5098075490205,1477.41838740596,1300,50.0,1430804.3371982595,3240.0,True
346,S402,402,40,40_7,27,UAV_1,SAT_0,MASTER,SATELLITE,satellite,1477.41838740596,1477.420174593202,1300,,727400000.0,3240.0,True
347,S441,441,40,40_17,27,S_441,UAV_3,SENSOR,SLAVE,access,1478.5114126546023,1479.163493428852,933,50.0,1430804.3371982595,4620.0,True
348,S441,441,40,40_17,27,UAV_3,UAV_1,SLAVE,MASTER,relay,1479.163493428852,1479.2809692474684,933,140.98189508299143,7942060.0,4620.0,True
349,S441,441,40,40_17,27,UAV_1,SAT_0,MASTER,SATELLITE,satellite,1479.2809692474684,1479.2822518980047,933,,727400000.0,4620.0,True
350,S158,158,40,40_3,28,S_158,UAV_1,SENSOR,MASTER,access,1499.1087261860587,1499.7670971285486,942,50.0,1430804.3371982595,3120.0,True
351,S158,158,40,40_3,28,UAV_1,SAT_0,MASTER,SATELLITE,satellite,1499.7670971285486,1499.7683921519194,942,,727400000.0,3120.0,True
352,S368,368,40,40_4,29,S_368,UAV_2,SENSOR,MASTER,access,1479.1878647413703,1479.9384914847187,1074,50.0,1430804.3371982595,3120.0,True
353,S368,368,40,40_4,29,UAV_2,SAT_0,MASTER,SATELLITE,satellite,1479.9384914847187,1479.9399679763326,1074,,727400000.0,3120.0,True
354,S474,474,40,40_13,30,S_474,UAV_0,SENSOR,MASTER,access,1479.861723706978,1480.6221351564782,1088,50.0,1430804.3371982595,4140.0,True
355,S474,474,40,40_13,30,UAV_0,SAT_0,MASTER,SATELLITE,satellite,1480.6221351564782,1480.6236308947239,1088,,727400000.0,4140.0,True
356,S328,328,40,40_5,31,S_328,UAV_2,SENSOR,MASTER,access,1546.052028070765,1546.9319527168316,1259,50.0,1430804.3371982595,3180.0,True
357,S328,328,40,40_5,31,UAV_2,SAT_0,MASTER,SATELLITE,satellite,1689.0,1689.0018841664173,1259,,668200000.0,3180.0,True
358,S316,316,40,40_14,32,S_316,UAV_3,SENSOR,MASTER,access,1539.6946314056056,1540.5710615137612,1254,50.0,1430804.3371982595,4200.0,True
359,S316,316,40,40_14,32,UAV_3,SAT_0,MASTER,SATELLITE,satellite,1689.0,1689.0018766836276,1254,,668200000.0,4200.0,True
360,S9,9,40,40_18,33,S_9,UAV_0,SENSOR,MASTER,access,1523.8115118740795,1524.8731524915343,1519,50.0,1430804.3371982595,4620.0,True
361,S9,9,40,40_18,33,UAV_0,SAT_0,MASTER,SATELLITE,satellite,1524.8731524915343,1524.8752407510888,1519,,727400000.0,4620.0,True
362,S77,77,40,40_16,34,S_77,UAV_1,SENSOR,MASTER,access,1623.9335143999842,1627.5524578609325,5178,50.0,1430804.3371982595,4560.0,True
363,S77,77,40,40_16,34,UAV_1,SAT_0,MASTER,SATELLITE,satellite,1689.0,1689.0077491768932,5178,,668200000.0,4560.0,True
364,S373,373,39,39_3,35,S_373,UAV_0,SENSOR,MASTER,access,1827.99476342714,1828.6134096985788,771,64.74029664433839,1246269.533326114,3600.0,True
365,S373,373,39,39_3,35,UAV_0,SAT_0,MASTER,SATELLITE,satellite,1828.6134096985788,1828.6145635447326,771,,668200000.0,3600.0,True
366,S129,129,39,39_3,35,S_129,UAV_0,SENSOR,MASTER,access,1828.6134096985788,1832.1607964249486,4421,64.74029664433826,1246269.5333261155,5460.0,True
367,S129,129,39,39_3,35,UAV_0,SAT_0,MASTER,SATELLITE,satellite,1832.1607964249486,1832.1674127074987,4421,,668200000.0,5460.0,True
368,S96,96,39,39_7,35,S_96,UAV_1,SENSOR,SLAVE,access,1828.3215013788067,1828.857237085705,707,58.405161593947064,1319680.564308611,3840.0,True
369,S96,96,39,39_7,35,UAV_1,UAV_0,SLAVE,MASTER,relay,1828.857237085705,1828.946256811066,707,58.612986239882225,7942060.0,3840.0,True
370,S96,96,39,39_7,35,UAV_0,SAT_0,MASTER,SATELLITE,satellite,1828.946256811066,1828.947314877513,707,,668200000.0,3840.0,True
371,S297,297,39,39_7,35,S_297,UAV_1,SENSOR,SLAVE,access,1828.9462568110662,1832.2910056233006,4414,58.40516159394681,1319680.564308614,6480.0,True
372,S297,297,39,39_7,35,UAV_1,UAV_0,SLAVE,MASTER,relay,1832.2910056233006,1832.8467808252003,4414,58.612986239882225,7942060.0,6480.0,True
373,S297,297,39,39_7,35,UAV_0,SAT_0,MASTER,SATELLITE,satellite,1832.8467808252003,1832.853386631845,4414,,668200000.0,6480.0,True
374,S145,145,39,39_2,36,S_145,UAV_2,SENSOR,MASTER,access,1855.8112249040114,1856.3647597091622,792,50.0,1430804.3371982595,2940.0,True
375,S145,145,39,39_2,36,UAV_2,SAT_0,MASTER,SATELLITE,satellite,1856.3647597091622,1856.3658368205454,792,,735300000.0,2940.0,True
376,S144,144,39,39_6,36,S_144,UAV_3,SENSOR,SLAVE,access,1864.474268445615,1865.2486580467605,1108,50.0,1430804.3371982595,3720.0,True
377,S144,144,39,39_6,36,UAV_3,UAV_2,SLAVE,MASTER,relay,1865.2486580467605,1865.3881684508622,1108,167.13686407984534,7942060.0,3720.0,True
378,S144,144,39,39_6,36,UAV_2,SAT_0,MASTER,SATELLITE,satellite,1865.3881684508622,1865.3896753188071,1108,,735300000.0,3720.0,True
379,S484,484,39,39_11,37,S_484,UAV_0,SENSOR,MASTER,access,1863.123951678857,1863.763452116626,915,50.0,1430804.3371982595,4320.0,True
380,S484,484,39,39_11,37,UAV_0,SAT_0,MASTER,SATELLITE,satellite,1863.763452116626,1863.7646965066708,915,,735300000.0,4320.0,True
381,S97,97,39,39_8,38,S_97,UAV_2,SENSOR,MASTER,access,1905.859658971771,1906.563458907108,1007,50.0,1430804.3371982595,3900.0,True
382,S97,97,39,39_8,38,UAV_2,SAT_0,MASTER,SATELLITE,satellite,1906.563458907108,1906.564828416152,1007,,735300000.0,3900.0,True
383,S84,84,39,39_10,39,S_84,UAV_1,SENSOR,MASTER,access,1909.0823695438537,1909.7547186379888,962,50.0,1430804.3371982595,4020.0,True
384,S84,84,39,39_10,39,UAV_1,SAT_0,MASTER,SATELLITE,satellite,1909.7547186379888,1909.7560269475223,962,,735300000.0,4020.0,True
385,S76,76,39,39_5,40,S_76,UAV_3,SENSOR,MASTER,access,1913.190810248336,1913.884126569939,992,50.0,1430804.3371982595,3720.0,True
386,S76,76,39,39_5,40,UAV_3,SAT_0,MASTER,SATELLITE,satellite,1913.884126569939,1913.8854756791463,992,,735300000.0,3720.0,True
387,S247,247,39,39_4,41,S_247,UAV_0,SENSOR,MASTER,access,1994.3505880820555,1994.9383693587372,841,50.0,1430804.3371982595,3660.0,True
388,S247,247,39,39_4,41,UAV_0,SAT_0,MASTER,SATELLITE,satellite,2146.0,2146.001258228606,841,,668400000.0,3660.0,True
389,S114,114,39,39_12,42,S_114,UAV_3,SENSOR,MASTER,access,2007.032994797957,2007.7381925484585,1009,50.0,1430804.3371982595,4320.0,True
390,S114,114,39,39_12,42,UAV_3,SAT_0,MASTER,SATELLITE,satellite,2146.0,2146.0015095751046,1009,,668400000.0,4320.0,True
391,S228,228,39,39_1,43,S_228,UAV_2,SENSOR,MASTER,access,1959.3100717871862,1959.9593773181227,903,52.879627962275,1390716.6302704818,2880.0,True
392,S228,228,39,39_1,43,UAV_2,SAT_0,MASTER,SATELLITE,satellite,1959.9593773181227,1959.960605388298,903,,735300000.0,2880.0,True
393,S401,401,39,39_1,43,S_401,UAV_2,SENSOR,MASTER,access,1959.9593773181227,1963.2332290150816,4553,52.87962796227497,1390716.6302704823,4080.0,True
394,S401,401,39,39_1,43,UAV_2,SAT_0,MASTER,SATELLITE,satellite,1963.2332290150816,1963.2394210455454,4553,,735300000.0,4080.0,True
395,S18,18,39,39_13,44,S_18,UAV_1,SENSOR,MASTER,access,1975.8966243403524,1976.8090809954278,1072,71.58675979226607,1174850.3274508142,4320.0,True
396,S18,18,39,39_13,44,UAV_1,SAT_0,MASTER,SATELLITE,satellite,1976.8090809954278,1976.8105389037646,1072,,735300000.0,4320.0,True
397,S104,104,39,39_13,44,S_104,UAV_1,SENSOR,MASTER,access,1976.8090809954278,1980.8044835503943,4694,71.58675979226639,1174850.3274508112,6540.0,True
398,S104,104,39,39_13,44,UAV_1,SAT_0,MASTER,SATELLITE,satellite,2146.0,2146.0070227408737,4694,,668400000.0,6540.0,True
399,S308,308,39,39_9,45,S_308,UAV_2,SENSOR,MASTER,access,2000.621694572382,2001.6267236756735,1438,50.0,1430804.3371982595,3900.0,True
400,S308,308,39,39_9,45,UAV_2,SAT_0,MASTER,SATELLITE,satellite,2146.0,2146.0021514063437,1438,,668400000.0,3900.0,True
401,S352,352,39,39_14,46,S_352,UAV_1,SENSOR,MASTER,access,2012.986790979199,2015.9948892132509,4304,50.0,1430804.3371982595,5220.0,True
402,S352,352,39,39_14,46,UAV_1,SAT_0,MASTER,SATELLITE,satellite,2146.0,2146.0064392579293,4304,,668400000.0,5220.0,True
403,S374,374,47,47_6,47,S_374,UAV_0,SENSOR,MASTER,access,2025.1140200264304,2028.1514723789373,4346,50.0,1430804.3371982595,7500.0,True
404,S374,374,47,47_6,47,UAV_0,SAT_0,MASTER,SATELLITE,satellite,2146.0,2146.006502094554,4346,,668400000.0,7500.0,True
405,S376,376,47,47_4,47,S_376,UAV_1,SENSOR,SLAVE,access,2028.743135075586,2031.4423161582786,3862,50.0,1430804.3371982595,7440.0,True
406,S376,376,47,47_4,47,UAV_1,UAV_0,SLAVE,MASTER,relay,2031.4423161582786,2031.9285879819615,3862,134.23723671246543,7942060.0,7440.0,True
407,S376,376,47,47_4,47,UAV_0,SAT_0,MASTER,SATELLITE,satellite,2146.0,2146.005777977259,3862,,668400000.0,7440.0,True
408,S405,405,47,47_7,47,S_405,UAV_2,SENSOR,SLAVE,access,2032.2546550598315,2035.3186659004643,4384,50.0,1430804.3371982595,7560.0,True
409,S405,405,47,47_7,47,UAV_2,UAV_0,SLAVE,MASTER,relay,2035.3186659004643,2035.8706637448522,4384,110.73495623419564,7942060.0,7560.0,True
410,S405,405,47,47_7,47,UAV_0,SAT_0,MASTER,SATELLITE,satellite,2146.0,2146.0065589467386,4384,,668400000.0,7560.0,True
411,S68,68,47,47_5,47,S_68,UAV_3,SENSOR,SLAVE,access,2032.8954587728488,2036.2425271842974,4789,50.0,1430804.3371982595,7440.0,True
412,S68,68,47,47_5,47,UAV_3,UAV_0,SLAVE,MASTER,relay,2036.2425271842974,2036.8455193550944,4789,260.77933379153234,7942060.0,7440.0,True
413,S68,68,47,47_5,47,UAV_0,SAT_0,MASTER,SATELLITE,satellite,2146.0,2146.0071648713347,4789,,668400000.0,7440.0,True
414,S343,343,47,47_1,48,S_343,UAV_0,SENSOR,MASTER,access,2035.8910667475805,2039.253511125839,4811,50.0,1430804.3371982595,7380.0,True
415,S343,343,47,47_1,48,UAV_0,SAT_0,MASTER,SATELLITE,satellite,2146.0,2146.007197785757,4811,,668400000.0,7380.0,True
416,S202,202,47,47_2,48,S_202,UAV_1,SENSOR,SLAVE,access,2036.8611273452157,2040.3228166001552,4953,50.0,1430804.3371982595,7380.0,True
417,S202,202,47,47_2,48,UAV_1,UAV_0,SLAVE,MASTER,relay,2040.3228166001552,2040.94645832535,4953,97.68800325887213,7942060.0,7380.0,True
418,S202,202,47,47_2,48,UAV_0,SAT_0,MASTER,SATELLITE,satellite,2146.0,2146.0074102333933,4953,,668400000.0,7380.0,True
419,S292,292,47,47_3,49,S_292,UAV_3,SENSOR,MASTER,access,2039.8231385356269,2043.399448634057,5117,50.0,1430804.3371982595,7380.0,True
420,S292,292,47,47_3,49,UAV_3,SAT_0,MASTER,SATELLITE,satellite,2146.0,2146.007655595452,5117,,668400000.0,7380.0,True
421,S117,117,23,23_4,50,S_117,UAV_0,SENSOR,MASTER,access,2049.8487920366733,2053.075648343973,4617,50.0,1430804.3371982595,5580.0,True
422,S117,117,23,23_4,50,UAV_0,SAT_0,MASTER,SATELLITE,satellite,2146.0,2146.006907540395,4617,,668400000.0,5580.0,True
423,S447,447,23,23_1,50,S_447,UAV_1,SENSOR,SLAVE,access,2055.4162356854827,2058.427129549864,4308,50.0,1430804.3371982595,5520.0,True
424,S447,447,23,23_1,50,UAV_1,UAV_0,SLAVE,MASTER,relay,2058.427129549864,2058.9695580885555,4308,84.08529028942816,7942060.0,5520.0,True
425,S447,447,23,23_1,50,UAV_0,SAT_0,MASTER,SATELLITE,satellite,2146.0,2146.00644524237,4308,,668400000.0,5520.0,True
426,S215,215,23,23_2,50,S_215,UAV_2,SENSOR,SLAVE,access,2061.1864720626777,2064.40494147899,4605,50.0,1430804.3371982595,5520.0,True
427,S215,215,23,23_2,50,UAV_2,UAV_0,SLAVE,MASTER,relay,2064.40494147899,2064.9847658570484,4605,200.8920396554672,7942060.0,5520.0,True
428,S215,215,23,23_2,50,UAV_0,SAT_0,MASTER,SATELLITE,satellite,2146.0,2146.0068895870736,4605,,668400000.0,5520.0,True
429,S334,334,23,23_7,50,S_334,UAV_3,SENSOR,SLAVE,access,2064.3145572531494,2067.6175944869156,4726,50.0,1430804.3371982595,5640.0,True
430,S334,334,23,23_7,50,UAV_3,UAV_0,SLAVE,MASTER,relay,2067.6175944869156,2068.2126542069377,4726,229.86770161805651,7942060.0,5640.0,True
431,S334,334,23,23_7,50,UAV_0,SAT_0,MASTER,SATELLITE,satellite,2146.0,2146.0070706163974,4726,,668400000.0,5640.0,True
432,S290,290,23,23_3,51,S_290,UAV_0,SENSOR,MASTER,access,2064.616385907829,2067.9299067553293,4741,50.0,1430804.3371982595,5520.0,True
433,S290,290,23,23_3,51,UAV_0,SAT_0,MASTER,SATELLITE,satellite,2146.0,2146.007093058049,4741,,668400000.0,5520.0,True
434,S393,393,23,23_5,52,S_393,UAV_1,SENSOR,MASTER,access,2074.4963881104895,2077.8518434129255,4801,50.0,1430804.3371982595,5580.0,True
435,S393,393,23,23_5,52,UAV_1,SAT_0,MASTER,SATELLITE,satellite,2146.0,2146.007182824656,4801,,668400000.0,5580.0,True
436,S55,55,23,23_6,52,S_55,UAV_2,SENSOR,SLAVE,access,2072.6013513096314,2076.3195396472606,5320,50.0,1430804.3371982595,5580.0,True
437,S55,55,23,23_6,52,UAV_2,UAV_1,SLAVE,MASTER,relay,2076.3195396472606,2076.989391046016,5320,70.9544698964512,7942060.0,5580.0,True
438,S55,55,23,23_6,52,UAV_1,SAT_0,MASTER,SATELLITE,satellite,2146.0,2146.007959305805,5320,,668400000.0,5580.0,True
439,S350,350,6,6_6,53,S_350,UAV_0,SENSOR,SLAVE,access,2089.2179039034713,2092.005846249111,3989,50.0,1430804.3371982595,6900.0,True
440,S350,350,6,6_6,53,UAV_0,UAV_2,SLAVE,MASTER,relay,2092.005846249111,2092.5081088862607,3989,170.46465818724192,7942060.0,6900.0,True
441,S350,350,6,6_6,53,UAV_2,SAT_0,MASTER,SATELLITE,satellite,2146.0,2146.0059679832434,3989,,668400000.0,6900.0,True
442,S234,234,6,6_2,53,S_234,UAV_1,SENSOR,SLAVE,access,2092.8902239682952,2096.29180717116,4867,50.0,1430804.3371982595,6840.0,True
443,S234,234,6,6_2,53,UAV_1,UAV_2,SLAVE,MASTER,relay,2096.29180717116,2096.9046204714878,4867,102.80363653424347,7942060.0,6840.0,True
444,S234,234,6,6_2,53,UAV_2,SAT_0,MASTER,SATELLITE,satellite,2146.0,2146.007281567923,4867,,668400000.0,6840.0,True
445,S110,110,6,6_7,53,S_110,UAV_2,SENSOR,MASTER,access,2086.3369557485025,2089.4470944895647,4450,50.0,1430804.3371982595,6900.0,True
446,S110,110,6,6_7,53,UAV_2,SAT_0,MASTER,SATELLITE,satellite,2146.0,2146.006657690006,4450,,668400000.0,6900.0,True
447,S300,300,6,6_1,53,S_300,UAV_3,SENSOR,SLAVE,access,2092.257756007188,2095.605523326219,4790,50.0,1430804.3371982595,6840.0,True
448,S300,300,6,6_1,53,UAV_3,UAV_2,SLAVE,MASTER,relay,2095.605523326219,2096.208641408933,4790,229.6852540483916,7942060.0,6840.0,True
449,S300,300,6,6_1,53,UAV_2,SAT_0,MASTER,SATELLITE,satellite,2146.0,2146.007166367445,4790,,668400000.0,6840.0,True
450,S432,432,6,6_4,54,S_432,UAV_0,SENSOR,MASTER,access,2098.952225017395,2102.4579454500167,5016,50.0,1430804.3371982595,6840.0,True
451,S432,432,6,6_4,54,UAV_0,SAT_0,MASTER,SATELLITE,satellite,2146.0,2146.00750448833,5016,,668400000.0,6840.0,True
452,S416,416,6,6_5,54,S_416,UAV_2,SENSOR,SLAVE,access,2104.4334721917394,2108.0810708635604,5219,50.0,1430804.3371982595,6840.0,True
453,S416,416,6,6_5,54,UAV_2,UAV_0,SLAVE,MASTER,relay,2108.0810708635604,2108.738205158693,5219,143.111914303379,7942060.0,6840.0,True
454,S416,416,6,6_5,54,UAV_0,SAT_0,MASTER,SATELLITE,satellite,2146.0,2146.0078081986835,5219,,668400000.0,6840.0,True
455,S468,468,6,6_3,55,S_468,UAV_3,SENSOR,MASTER,access,2106.9201218884064,2110.3874024040038,4961,50.0,1430804.3371982595,6840.0,True
456,S468,468,6,6_3,55,UAV_3,SAT_0,MASTER,SATELLITE,satellite,2146.0,2146.007422202274,4961,,668400000.0,6840.0,True
457,S181,181,52,52_5,56,S_181,UAV_0,SENSOR,SLAVE,access,2117.791942456214,2120.5232732876907,3908,50.0,1430804.3371982595,7380.0,True
458,S181,181,52,52_5,56,UAV_0,UAV_2,SLAVE,MASTER,relay,2120.5232732876907,2121.0153370595585,3908,112.78527670250939,7942060.0,7380.0,True
459,S181,181,52,52_5,56,UAV_2,SAT_0,MASTER,SATELLITE,satellite,2146.0,2146.0058467983245,3908,,668400000.0,7380.0,True
460,S331,331,52,52_4,56,S_331,UAV_1,SENSOR,SLAVE,access,2125.097535296356,2127.429090990779,3336,50.0,1430804.3371982595,7380.0,True
461,S331,331,52,52_4,56,UAV_1,UAV_2,SLAVE,MASTER,relay,2127.429090990779,2127.849133146089,3336,92.69390660263173,7942060.0,7380.0,True
462,S331,331,52,52_4,56,UAV_2,SAT_0,MASTER,SATELLITE,satellite,2146.0,2146.0049910233392,3336,,668400000.0,7380.0,True
463,S194,194,52,52_7,56,S_194,UAV_2,SENSOR,MASTER,access,2119.253677182534,2122.44838374105,4571,50.0,1430804.3371982595,7380.0,True
464,S194,194,52,52_7,56,UAV_2,SAT_0,MASTER,SATELLITE,satellite,2146.0,2146.0068387193296,4571,,668400000.0,7380.0,True
465,S189,189,52,52_1,56,S_189,UAV_3,SENSOR,SLAVE,access,2117.6735852203565,2120.9276989233645,4656,50.0,1430804.3371982595,7320.0,True
466,S189,189,52,52_1,56,UAV_3,UAV_2,SLAVE,MASTER,relay,2120.9276989233645,2121.5139448091927,4656,90.13832882478779,7942060.0,7320.0,True
467,S189,189,52,52_1,56,UAV_2,SAT_0,MASTER,SATELLITE,satellite,2146.0,2146.0069658886896,4656,,668400000.0,7320.0,True
468,S30,30,52,52_2,57,S_30,UAV_0,SENSOR,SLAVE,access,2131.161270238552,2134.5803261309734,4892,50.0,1430804.3371982595,7320.0,True
469,S30,30,52,52_2,57,UAV_0,UAV_2,SLAVE,MASTER,relay,2134.5803261309734,2135.1962872292274,4892,243.79347429007962,7942060.0,7320.0,True
470,S30,30,52,52_2,57,UAV_2,SAT_0,MASTER,SATELLITE,satellite,2146.0,2146.0073189706764,4892,,668400000.0,7320.0,True
471,S20,20,52,52_8,57,S_20,UAV_2,SENSOR,MASTER,access,2131.4700945865848,2134.7989914008945,4763,50.0,1430804.3371982595,7680.0,True
472,S20,20,52,52_8,57,UAV_2,SAT_0,MASTER,SATELLITE,satellite,2146.0,2146.0071259724714,4763,,668400000.0,7680.0,True
473,S238,238,52,52_6,57,S_238,UAV_3,SENSOR,SLAVE,access,2138.8045096489855,2141.972657719375,4533,50.0,1430804.3371982595,7380.0,True
474,S238,238,52,52_6,57,UAV_3,UAV_2,SLAVE,MASTER,relay,2141.972657719375,2142.543416439405,4533,208.21210650980584,7942060.0,7380.0,True
475,S238,238,52,52_6,57,UAV_2,SAT_0,MASTER,SATELLITE,satellite,2146.0,2146.0067818671455,4533,,668400000.0,7380.0,True
476,S390,390,52,52_3,58,S_390,UAV_1,SENSOR,MASTER,access,2141.7271385069635,2145.156678013119,4907,50.0,1430804.3371982595,7320.0,True
477,S390,390,52,52_3,58,UAV_1,SAT_0,MASTER,SATELLITE,satellite,2146.0,2146.007341412328,4907,,668400000.0,7320.0,True
478,S281,281,29,29_3,59,S_281,UAV_0,SENSOR,SLAVE,access,2161.1115275081656,2164.599076343649,4990,50.0,1430804.3371982595,4800.0,True
479,S281,281,29,29_3,59,UAV_0,UAV_2,SLAVE,MASTER,relay,2164.599076343649,2165.227376809775,4990,226.2450422374231,7942060.0,4800.0,True
480,S281,281,29,29_3,59,UAV_2,SAT_0,MASTER,SATELLITE,satellite,2165.227376809775,2165.234842399242,4990,,668400000.0,4800.0,True
481,S19,19,29,29_4,59,S_19,UAV_1,SENSOR,SLAVE,access,2163.6676225302945,2166.543627231299,4115,50.0,1430804.3371982595,4980.0,True
482,S19,19,29,29_4,59,UAV_1,UAV_2,SLAVE,MASTER,relay,2166.543627231299,2167.061754769998,4115,90.75183194569789,7942060.0,4980.0,True
483,S19,19,29,29_4,59,UAV_2,SAT_0,MASTER,SATELLITE,satellite,2167.061754769998,2167.067911263116,4115,,668400000.0,4980.0,True
484,S476,476,29,29_8,59,S_476,UAV_2,SENSOR,MASTER,access,2164.9597050104367,2167.9643087065774,4299,50.0,1430804.3371982595,5880.0,True
485,S476,476,29,29_8,59,UAV_2,SAT_0,MASTER,SATELLITE,satellite,2167.9643087065774,2167.9707404839564,4299,,668400000.0,5880.0,True
486,S335,335,29,29_7,59,S_335,UAV_3,SENSOR,SLAVE,access,2165.5716227942767,2168.3057492560824,3912,50.0,1430804.3371982595,5220.0,True
487,S335,335,29,29_7,59,UAV_3,UAV_2,SLAVE,MASTER,relay,2168.3057492560824,2168.7983166756185,3912,207.16772286185918,7942060.0,5220.0,True
488,S335,335,29,29_7,59,UAV_2,SAT_0,MASTER,SATELLITE,satellite,2168.7983166756185,2168.8041694583835,3912,,668400000.0,5220.0,True
489,S458,458,29,29_6,60,S_458,UAV_0,SENSOR,SLAVE,access,2178.151116861769,2181.284319553046,4483,50.0,1430804.3371982595,5040.0,True
490,S458,458,29,29_6,60,UAV_0,UAV_3,SLAVE,MASTER,relay,2181.284319553046,2181.8487826772225,4483,231.39012212769765,7942060.0,5040.0,True
491,S458,458,29,29_6,60,UAV_3,SAT_0,MASTER,SATELLITE,satellite,2181.8487826772225,2181.855489738862,4483,,668400000.0,5040.0,True
492,S269,269,29,29_1,60,S_269,UAV_1,SENSOR,SLAVE,access,2175.315890610457,2178.9935423083148,5262,50.0,1430804.3371982595,4560.0,True
493,S269,269,29,29_1,60,UAV_1,UAV_3,SLAVE,MASTER,relay,2178.9935423083148,2179.656090815881,5262,317.92188002879067,7942060.0,4560.0,True
494,S269,269,29,29_1,60,UAV_3,SAT_0,MASTER,SATELLITE,satellite,2179.656090815881,2179.663963347299,5262,,668400000.0,4560.0,True
495,S403,403,29,29_5,60,S_403,UAV_2,SENSOR,SLAVE,access,2178.540129159174,2181.5824738647566,4353,50.0,1430804.3371982595,5040.0,True
496,S403,403,29,29_5,60,UAV_2,UAV_3,SLAVE,MASTER,relay,2181.5824738647566,2182.1305684397157,4353,176.18112016530534,7942060.0,5040.0,True
497,S403,403,29,29_5,60,UAV_3,SAT_0,MASTER,SATELLITE,satellite,2182.1305684397157,2182.1370810070407,4353,,668400000.0,5040.0,True
498,S293,293,29,29_2,60,S_293,UAV_3,SENSOR,MASTER,access,2174.503391060593,2177.6491740883503,4501,50.0,1430804.3371982595,4740.0,True
499,S293,293,29,29_2,60,UAV_3,SAT_0,MASTER,SATELLITE,satellite,2177.6491740883503,2177.655908079972,4501,,668400000.0,4740.0,True
500,S154,154,14,14_1,61,S_154,UAV_0,SENSOR,MASTER,access,2190.2747687308033,2193.4443146163576,4535,50.0,1430804.3371982595,6900.0,True
501,S154,154,14,14_1,61,UAV_0,SAT_0,MASTER,SATELLITE,satellite,2193.4443146163576,2193.4510994757234,4535,,668400000.0,6900.0,True
502,S220,220,14,14_6,61,S_220,UAV_1,SENSOR,SLAVE,access,2190.9272097820967,2193.930415663073,4297,50.0,1430804.3371982595,6960.0,True
503,S220,220,14,14_6,61,UAV_1,UAV_0,SLAVE,MASTER,relay,2193.930415663073,2194.4714591706766,4297,188.67377578813225,7942060.0,6960.0,True
504,S220,220,14,14_6,61,UAV_0,SAT_0,MASTER,SATELLITE,satellite,2194.4714591706766,2194.4778879558353,4297,,668400000.0,6960.0,True
505,S31,31,14,14_4,61,S_31,UAV_2,SENSOR,SLAVE,access,2191.5829893426985,2194.3751251338317,3995,50.0,1430804.3371982595,6960.0,True
506,S31,31,14,14_4,61,UAV_2,UAV_0,SLAVE,MASTER,relay,2194.3751251338317,2194.8781432424835,3995,46.04738645929473,7942060.0,6960.0,True
507,S31,31,14,14_4,61,UAV_0,SAT_0,MASTER,SATELLITE,satellite,2194.8781432424835,2194.8841202023877,3995,,668400000.0,6960.0,True
508,S407,407,14,14_5,61,S_407,UAV_3,SENSOR,SLAVE,access,2191.8718806027573,2194.713638832231,4066,50.0,1430804.3371982595,6960.0,True
509,S407,407,14,14_5,61,UAV_3,UAV_0,SLAVE,MASTER,relay,2194.713638832231,2195.2255966869943,4066,179.73528937635035,7942060.0,6960.0,True
510,S407,407,14,14_5,61,UAV_0,SAT_0,MASTER,SATELLITE,satellite,2195.2255966869943,2195.2316798707166,4066,,668400000.0,6960.0,True
511,S245,245,14,14_7,62,S_245,UAV_0,SENSOR,MASTER,access,2199.0554210457494,2202.1145395333065,4377,50.0,1430804.3371982595,6960.0,True
512,S245,245,14,14_7,62,UAV_0,SAT_0,MASTER,SATELLITE,satellite,2202.1145395333065,2202.121088007274,4377,,668400000.0,6960.0,True
513,S457,457,14,14_8,62,S_457,UAV_2,SENSOR,SLAVE,access,2206.40499014302,2209.4850758580446,4407,50.0,1430804.3371982595,7140.0,True
514,S457,457,14,14_8,62,UAV_2,UAV_0,SLAVE,MASTER,relay,2209.4850758580446,2210.039969676525,4407,46.82792726046925,7942060.0,7140.0,True
515,S457,457,14,14_8,62,UAV_0,SAT_0,MASTER,SATELLITE,satellite,2210.039969676525,2210.046563033796,4407,,668400000.0,7140.0,True
516,S61,61,14,14_2,63,S_61,UAV_1,SENSOR,MASTER,access,2210.3562035377295,2213.8192906078334,4955,50.0,1430804.3371982595,6900.0,True
517,S61,61,14,14_2,63,UAV_1,SAT_0,MASTER,SATELLITE,satellite,2213.8192906078334,2213.826703833447,4955,,668400000.0,6900.0,True
518,S452,452,14,14_3,63,S_452,UAV_3,SENSOR,SLAVE,access,2218.180114817344,2221.662072392169,4982,50.0,1430804.3371982595,6900.0,True
519,S452,452,14,14_3,63,UAV_3,UAV_1,SLAVE,MASTER,relay,2221.662072392169,2222.2893655629587,4982,70.6476486483567,7942060.0,6900.0,True
520,S452,452,14,14_3,63,UAV_1,SAT_0,MASTER,SATELLITE,satellite,2222.2893655629587,2222.2968191835453,4982,,668400000.0,6900.0,True
521,S317,317,4,4_7,64,S_317,UAV_0,SENSOR,MASTER,access,2233.5972847333287,2236.741669945922,4499,50.0,1430804.3371982595,6060.0,True
522,S317,317,4,4_7,64,UAV_0,SAT_0,MASTER,SATELLITE,satellite,2236.741669945922,2236.7484009453233,4499,,668400000.0,6060.0,True
523,S244,244,4,4_5,64,S_244,UAV_1,SENSOR,SLAVE,access,2231.028764791876,2234.035465210763,4302,50.0,1430804.3371982595,6060.0,True
524,S244,244,4,4_5,64,UAV_1,UAV_0,SLAVE,MASTER,relay,2234.035465210763,2234.577138277952,4302,159.7246722907591,7942060.0,6060.0,True
525,S244,244,4,4_5,64,UAV_0,SAT_0,MASTER,SATELLITE,satellite,2234.577138277952,2234.583574543661,4302,,668400000.0,6060.0,True
526,S148,148,4,4_1,64,S_148,UAV_2,SENSOR,SLAVE,access,2240.5112465367642,2243.938689320173,4904,50.0,1430804.3371982595,6000.0,True
527,S148,148,4,4_1,64,UAV_2,UAV_0,SLAVE,MASTER,relay,2243.938689320173,2244.556161361432,4904,165.87517011296669,7942060.0,6000.0,True
528,S148,148,4,4_1,64,UAV_0,SAT_0,MASTER,SATELLITE,satellite,2244.556161361432,2244.5634982854294,4904,,668400000.0,6000.0,True
529,S454,454,4,4_2,64,S_454,UAV_3,SENSOR,SLAVE,access,2240.948071892589,2244.4887377043237,5066,50.0,1430804.3371982595,6000.0,True
530,S454,454,4,4_2,64,UAV_3,UAV_0,SLAVE,MASTER,relay,2244.4887377043237,2245.126607476146,5066,279.36362050232793,7942060.0,6000.0,True
531,S454,454,4,4_2,64,UAV_0,SAT_0,MASTER,SATELLITE,satellite,2245.126607476146,2245.134186769982,5066,,668400000.0,6000.0,True
532,S115,115,4,4_3,65,S_115,UAV_0,SENSOR,MASTER,access,2252.9443750950595,2255.2836187728876,3347,50.0,1430804.3371982595,6060.0,True
533,S115,115,4,4_3,65,UAV_0,SAT_0,MASTER,SATELLITE,satellite,2255.2836187728876,2255.288626253438,3347,,668400000.0,6060.0,True
534,S231,231,4,4_4,66,S_231,UAV_1,SENSOR,MASTER,access,2257.216797294763,2260.099092164008,4124,50.0,1430804.3371982595,6060.0,True
535,S231,231,4,4_4,66,UAV_1,SAT_0,MASTER,SATELLITE,satellite,2260.099092164008,2260.105262122117,4124,,668400000.0,6060.0,True
536,S314,314,4,4_8,67,S_314,UAV_2,SENSOR,SLAVE,access,2257.2368791657395,2260.3896512693195,4511,50.0,1430804.3371982595,6060.0,True
537,S314,314,4,4_8,67,UAV_2,UAV_3,SLAVE,MASTER,relay,2260.3896512693195,2260.957639927174,4511,172.45273446381913,7942060.0,6060.0,True
538,S314,314,4,4_8,67,UAV_3,SAT_0,MASTER,SATELLITE,satellite,2260.957639927174,2260.964388879897,4511,,668400000.0,6060.0,True
539,S241,241,4,4_6,67,S_241,UAV_3,SENSOR,MASTER,access,2249.183763615834,2252.318364122275,4485,50.0,1430804.3371982595,6060.0,True
540,S241,241,4,4_6,67,UAV_3,SAT_0,MASTER,SATELLITE,satellite,2252.318364122275,2252.325074176135,4485,,668400000.0,6060.0,True
541,S35,35,21,21_4,68,S_35,UAV_0,SENSOR,SLAVE,access,2272.582283178142,2275.7287651134816,4502,50.0,1430804.3371982595,6240.0,True
542,S35,35,21,21_4,68,UAV_0,UAV_3,SLAVE,MASTER,relay,2275.7287651134816,2276.2956205640826,4502,175.2200314141498,7942060.0,6240.0,True
543,S35,35,21,21_4,68,UAV_3,SAT_0,MASTER,SATELLITE,satellite,2276.2956205640826,2276.30186207247,4502,,721300000.0,6240.0,True
544,S221,221,21,21_8,68,S_221,UAV_1,SENSOR,SLAVE,access,2274.414397877355,2277.4238939265715,4306,50.0,1430804.3371982595,6780.0,True
545,S221,221,21,21_8,68,UAV_1,UAV_3,SLAVE,MASTER,relay,2277.4238939265715,2277.966070641429,4306,215.04992823514993,7942060.0,6780.0,True
546,S221,221,21,21_8,68,UAV_3,SAT_0,MASTER,SATELLITE,satellite,2277.966070641429,2277.972040418221,4306,,721300000.0,6780.0,True
547,S408,408,21,21_7,68,S_408,UAV_2,SENSOR,SLAVE,access,2276.7969427070534,2280.1447100260843,4790,50.0,1430804.3371982595,6240.0,True
548,S408,408,21,21_7,68,UAV_2,UAV_3,SLAVE,MASTER,relay,2280.1447100260843,2280.7478281087983,4790,72.07515293357037,7942060.0,6240.0,True
549,S408,408,21,21_7,68,UAV_3,SAT_0,MASTER,SATELLITE,satellite,2280.7478281087983,2280.7544688962653,4790,,721300000.0,6240.0,True
550,S243,243,21,21_5,68,S_243,UAV_3,SENSOR,MASTER,access,2272.015276868036,2275.2358430070954,4608,50.0,1430804.3371982595,6240.0,True
551,S243,243,21,21_5,68,UAV_3,SAT_0,MASTER,SATELLITE,satellite,2275.2358430070954,2275.2422314723663,4608,,721300000.0,6240.0,True
552,S121,121,21,21_3,69,S_121,UAV_3,SENSOR,MASTER,access,2290.134503189054,2293.2774905864826,4497,50.0,1430804.3371982595,6240.0,True
553,S121,121,21,21_3,69,UAV_3,SAT_0,MASTER,SATELLITE,satellite,2293.2774905864826,2293.2837251629417,4497,,721300000.0,6240.0,True
554,S470,470,21,21_6,70,S_470,UAV_0,SENSOR,SLAVE,access,2293.7355570695954,2297.0728407748925,4775,50.0,1430804.3371982595,6240.0,True
555,S470,470,21,21_6,70,UAV_0,UAV_1,SLAVE,MASTER,relay,2297.0728407748925,2297.674070178851,4775,241.5771132298194,7942060.0,6240.0,True
556,S470,470,21,21_6,70,UAV_1,SAT_0,MASTER,SATELLITE,satellite,2297.674070178851,2297.6806901705327,4775,,721300000.0,6240.0,True
557,S138,138,21,21_1,70,S_138,UAV_1,SENSOR,MASTER,access,2286.4020360273616,2289.196967448824,3999,50.0,1430804.3371982595,6240.0,True
558,S138,138,21,21_1,70,UAV_1,SAT_0,MASTER,SATELLITE,satellite,2289.196967448824,2289.2025116052087,3999,,721300000.0,6240.0,True
559,S75,75,21,21_2,71,S_75,UAV_2,SENSOR,MASTER,access,2287.0457812274817,2290.024525343079,4262,50.0,1430804.3371982595,6240.0,True
560,S75,75,21,21_2,71,UAV_2,SAT_0,MASTER,SATELLITE,satellite,2290.024525343079,2290.0304341189003,4262,,721300000.0,6240.0,True
561,S268,268,42,42_2,72,S_268,UAV_0,SENSOR,MASTER,access,2300.1950875042735,2303.5624242356075,4818,50.0,1430804.3371982595,5760.0,True
562,S268,268,42,42_2,72,UAV_0,SAT_0,MASTER,SATELLITE,satellite,2303.5624242356075,2303.569103841874,4818,,721300000.0,5760.0,True
563,S119,119,42,42_3,72,S_119,UAV_1,SENSOR,SLAVE,access,2302.4633901826896,2306.2556627240388,5426,50.0,1430804.3371982595,5760.0,True
564,S119,119,42,42_3,72,UAV_1,UAV_0,SLAVE,MASTER,relay,2306.2556627240388,2306.9388607860024,5426,61.00178257816409,7942060.0,5760.0,True
565,S119,119,42,42_3,72,UAV_0,SAT_0,MASTER,SATELLITE,satellite,2306.9388607860024,2306.9463833147697,5426,,721300000.0,5760.0,True
566,S11,11,42,42_7,72,S_11,UAV_2,SENSOR,SLAVE,access,2303.0771964863866,2306.880651549052,5442,50.0,1430804.3371982595,5820.0,True
567,S11,11,42,42_7,72,UAV_2,UAV_0,SLAVE,MASTER,relay,2306.880651549052,2307.565864201689,5442,43.47534032381426,7942060.0,5820.0,True
568,S11,11,42,42_7,72,UAV_0,SAT_0,MASTER,SATELLITE,satellite,2307.565864201689,2307.573408912627,5442,,721300000.0,5820.0,True
569,S354,354,42,42_1,72,S_354,UAV_3,SENSOR,SLAVE,access,2304.841441220219,2307.8670121438277,4329,50.0,1430804.3371982595,5760.0,True
570,S354,354,42,42_1,72,UAV_3,UAV_0,SLAVE,MASTER,relay,2307.8670121438277,2308.4120848327775,4329,80.1731382980234,7942060.0,5760.0,True
571,S354,354,42,42_1,72,UAV_0,SAT_0,MASTER,SATELLITE,satellite,2308.4120848327775,2308.4180864964405,4329,,721300000.0,5760.0,True
572,S409,409,42,42_5,73,S_409,UAV_0,SENSOR,SLAVE,access,2313.41168589952,2316.786710614259,4829,50.0,1430804.3371982595,5820.0,True
573,S409,409,42,42_5,73,UAV_0,UAV_1,SLAVE,MASTER,relay,2316.786710614259,2317.3947392617383,4829,46.22590284385364,7942060.0,5820.0,True
574,S409,409,42,42_5,73,UAV_1,SAT_0,MASTER,SATELLITE,satellite,2317.3947392617383,2317.4014341182474,4829,,721300000.0,5820.0,True
575,S107,107,42,42_6,73,S_107,UAV_1,SENSOR,MASTER,access,2313.582143532299,2317.359040106838,5404,50.0,1430804.3371982595,5820.0,True
576,S107,107,42,42_6,73,UAV_1,SAT_0,MASTER,SATELLITE,satellite,2317.359040106838,2317.3665321351205,5404,,721300000.0,5820.0,True
577,S212,212,42,42_4,74,S_212,UAV_2,SENSOR,MASTER,access,2326.7827049427415,2329.2079142531875,3470,50.0,1430804.3371982595,5820.0,True
578,S212,212,42,42_4,74,UAV_2,SAT_0,MASTER,SATELLITE,satellite,2329.2079142531875,2329.2127250115404,3470,,721300000.0,5820.0,True
579,S136,136,31,31_2,75,S_136,UAV_0,SENSOR,MASTER,access,2335.254688509672,2337.542213026413,3273,50.0,1430804.3371982595,8580.0,True
580,S136,136,31,31_2,75,UAV_0,SAT_0,MASTER,SATELLITE,satellite,2337.542213026413,2337.546750666784,3273,,721300000.0,8580.0,True
581,S303,303,31,31_7,75,S_303,UAV_1,SENSOR,SLAVE,access,2337.1863885518733,2340.4943181387152,4733,50.0,1430804.3371982595,9120.0,True
582,S303,303,31,31_7,75,UAV_1,UAV_0,SLAVE,MASTER,relay,2340.4943181387152,2341.090259242157,4733,151.50635722300754,7942060.0,9120.0,True
583,S303,303,31,31_7,75,UAV_0,SAT_0,MASTER,SATELLITE,satellite,2341.090259242157,2341.09682100564,4733,,721300000.0,9120.0,True
584,S394,394,31,31_6,75,S_394,UAV_2,SENSOR,SLAVE,access,2338.8189681442623,2341.804701335682,4272,50.0,1430804.3371982595,8820.0,True
585,S394,394,31,31_6,75,UAV_2,UAV_0,SLAVE,MASTER,relay,2341.804701335682,2342.342597045359,4272,81.34231980426554,7942060.0,8820.0,True
586,S394,394,31,31_6,75,UAV_0,SAT_0,MASTER,SATELLITE,satellite,2342.342597045359,2342.3485196850374,4272,,721300000.0,8820.0,True
587,S82,82,31,31_5,75,S_82,UAV_3,SENSOR,SLAVE,access,2339.1555898599177,2342.0343901912515,4119,50.0,1430804.3371982595,8820.0,True
588,S82,82,31,31_5,75,UAV_3,UAV_0,SLAVE,MASTER,relay,2342.0343901912515,2342.5530213776187,4119,115.02530686996784,7942060.0,8820.0,True
589,S82,82,31,31_5,75,UAV_0,SAT_0,MASTER,SATELLITE,satellite,2342.5530213776187,2342.558731900286,4119,,721300000.0,8820.0,True
590,S242,242,31,31_8,76,S_242,UAV_0,SENSOR,SLAVE,access,2349.7851004443446,2352.4157885839754,3764,50.0,1430804.3371982595,9180.0,True
591,S242,242,31,31_8,76,UAV_0,UAV_3,SLAVE,MASTER,relay,2352.4157885839754,2352.8897210397868,3764,83.67587734034224,7942060.0,9180.0,True
592,S242,242,31,31_8,76,UAV_3,SAT_0,MASTER,SATELLITE,satellite,2352.8897210397868,2352.894939395533,3764,,721300000.0,9180.0,True
593,S34,34,31,31_1,76,S_34,UAV_3,SENSOR,MASTER,access,2346.000236622593,2349.6359538655156,5202,50.0,1430804.3371982595,8460.0,True
594,S34,34,31,31_1,76,UAV_3,SAT_0,MASTER,SATELLITE,satellite,2349.6359538655156,2349.643165843888,5202,,721300000.0,8460.0,True
595,S190,190,31,31_3,77,S_190,UAV_1,SENSOR,MASTER,access,2359.1159790224688,2362.649655758381,5056,50.0,1430804.3371982595,8640.0,True
596,S190,190,31,31_3,77,UAV_1,SAT_0,MASTER,SATELLITE,satellite,2362.649655758381,2362.656665324442,5056,,721300000.0,8640.0,True
597,S315,315,31,31_4,77,S_315,UAV_2,SENSOR,SLAVE,access,2364.882514806209,2368.157595736685,4686,50.0,1430804.3371982595,8700.0,True
598,S315,315,31,31_4,77,UAV_2,UAV_1,SLAVE,MASTER,relay,2368.157595736685,2368.747618980025,4686,118.93280330458919,7942060.0,8700.0,True
599,S315,315,31,31_4,77,UAV_1,SAT_0,MASTER,SATELLITE,satellite,2368.747618980025,2368.75411558338,4686,,721300000.0,8700.0,True
600,S42,42,32,32_4,78,S_42,UAV_0,SENSOR,MASTER,access,2381.426760714659,2384.4530305458497,4330,50.0,1430804.3371982595,6000.0,True
601,S42,42,32,32_4,78,UAV_0,SAT_0,MASTER,SATELLITE,satellite,2384.4530305458497,2384.4590335958983,4330,,721300000.0,6000.0,True
602,S140,140,32,32_2,78,S_140,UAV_1,SENSOR,SLAVE,access,2380.6297218689665,2384.4436605453657,5457,50.0,1430804.3371982595,5940.0,True
603,S140,140,32,32_2,78,UAV_1,UAV_0,SLAVE,MASTER,relay,2384.4436605453657,2385.1307618767582,5457,124.14832577059006,7942060.0,5940.0,True
604,S140,140,32,32_2,78,UAV_0,SAT_0,MASTER,SATELLITE,satellite,2385.1307618767582,2385.138327383482,5457,,721300000.0,5940.0,True
605,S156,156,32,32_6,78,S_156,UAV_2,SENSOR,SLAVE,access,2384.971756600841,2388.086787694979,4457,50.0,1430804.3371982595,6000.0,True
606,S156,156,32,32_6,78,UAV_2,UAV_0,SLAVE,MASTER,relay,2388.086787694979,2388.6479771093127,4457,144.79232962524273,7942060.0,6000.0,True
607,S156,156,32,32_6,78,UAV_0,SAT_0,MASTER,SATELLITE,satellite,2388.6479771093127,2388.654156230344,4457,,721300000.0,6000.0,True
608,S46,46,32,32_3,78,S_46,UAV_3,SENSOR,SLAVE,access,2386.0631306059613,2388.585488070342,3609,50.0,1430804.3371982595,6000.0,True
609,S46,46,32,32_3,78,UAV_3,UAV_0,SLAVE,MASTER,relay,2388.585488070342,2389.0399041790088,3609,84.78454950868627,7942060.0,6000.0,True
610,S46,46,32,32_3,78,UAV_0,SAT_0,MASTER,SATELLITE,satellite,2389.0399041790088,2389.044907644973,3609,,721300000.0,6000.0,True
611,S109,109,32,32_1,79,S_109,UAV_0,SENSOR,SLAVE,access,2394.7383003362434,2398.14966824526,4881,50.0,1430804.3371982595,5940.0,True
612,S109,109,32,32_1,79,UAV_0,UAV_1,SLAVE,MASTER,relay,2398.14966824526,2398.7642443124264,4881,24.530663471371412,7942060.0,5940.0,True
613,S109,109,32,32_1,79,UAV_1,SAT_0,MASTER,SATELLITE,satellite,2398.7642443124264,2398.7710112609916,4881,,721300000.0,5940.0,True
614,S357,357,32,32_5,79,S_357,UAV_1,SENSOR,MASTER,access,2399.479701956126,2402.5555942256574,4401,50.0,1430804.3371982595,6000.0,True
615,S357,357,32,32_5,79,UAV_1,SAT_0,MASTER,SATELLITE,satellite,2402.5555942256574,2402.56169570909,4401,,721300000.0,6000.0,True
616,S39,39,32,32_7,79,S_39,UAV_2,SENSOR,SLAVE,access,2398.8760913835254,2402.223159794974,4789,50.0,1430804.3371982595,6000.0,True
617,S39,39,32,32_7,79,UAV_2,UAV_1,SLAVE,MASTER,relay,2402.223159794974,2402.826151965771,4789,132.69924025366623,7942060.0,6000.0,True
618,S39,39,32,32_7,79,UAV_1,SAT_0,MASTER,SATELLITE,satellite,2402.826151965771,2402.8327913668522,4789,,721300000.0,6000.0,True
619,S349,349,26,26_3,80,S_349,UAV_0,SENSOR,SLAVE,access,2412.6990025621435,2415.438021377025,3919,50.0,1430804.3371982595,7620.0,True
620,S349,349,26,26_3,80,UAV_0,UAV_1,SLAVE,MASTER,relay,2415.438021377025,2415.9314701799804,3919,182.94276660132118,7942060.0,7620.0,True
621,S349,349,26,26_3,80,UAV_1,SAT_0,MASTER,SATELLITE,satellite,2415.9314701799804,2415.936903425509,3919,,721300000.0,7620.0,True
622,S37,37,26,26_4,80,S_37,UAV_1,SENSOR,MASTER,access,2412.184756756022,2415.294196589502,4449,50.0,1430804.3371982595,7620.0,True
623,S37,37,26,26_4,80,UAV_1,SAT_0,MASTER,SATELLITE,satellite,2415.294196589502,2415.300364619448,4449,,721300000.0,7620.0,True
624,S252,252,26,26_7,80,S_252,UAV_2,SENSOR,SLAVE,access,2414.11367566025,2416.8596835509543,3929,50.0,1430804.3371982595,7680.0,True
625,S252,252,26,26_7,80,UAV_2,UAV_1,SLAVE,MASTER,relay,2416.8596835509543,2417.3543914730803,3929,165.62809108595027,7942060.0,7680.0,True
626,S252,252,26,26_7,80,UAV_1,SAT_0,MASTER,SATELLITE,satellite,2417.3543914730803,2417.359838582466,3929,,721300000.0,7680.0,True
627,S497,497,26,26_1,80,S_497,UAV_3,SENSOR,SLAVE,access,2415.894697170017,2419.3696656690195,4972,50.0,1430804.3371982595,7560.0,True
628,S497,497,26,26_1,80,UAV_3,UAV_1,SLAVE,MASTER,relay,2419.3696656690195,2419.995699720638,4972,139.2465004135239,7942060.0,7560.0,True
629,S497,497,26,26_1,80,UAV_1,SAT_0,MASTER,SATELLITE,satellite,2419.995699720638,2420.002592830301,4972,,721300000.0,7560.0,True
630,S250,250,26,26_6,81,S_250,UAV_1,SENSOR,MASTER,access,2423.688669807357,2427.431319910366,5355,50.0,1430804.3371982595,7620.0,True
631,S250,250,26,26_6,81,UAV_1,SAT_0,MASTER,SATELLITE,satellite,2616.0,2616.0080296896085,5355,,666900000.0,7620.0,True
632,S65,65,26,26_2,81,S_65,UAV_3,SENSOR,SLAVE,access,2422.491763872476,2426.193178428131,5296,50.0,1430804.3371982595,7560.0,True
633,S65,65,26,26_2,81,UAV_3,UAV_1,SLAVE,MASTER,relay,2426.193178428131,2426.860007940877,5296,110.71019033397718,7942060.0,7560.0,True
634,S65,65,26,26_2,81,UAV_1,SAT_0,MASTER,SATELLITE,satellite,2616.0,2616.007941220573,5296,,666900000.0,7560.0,True
635,S5,5,26,26_5,82,S_5,UAV_0,SENSOR,MASTER,access,2429.1042299784262,2432.2143687194884,4450,50.0,1430804.3371982595,7620.0,True
636,S5,5,26,26_5,82,UAV_0,SAT_0,MASTER,SATELLITE,satellite,2616.0,2616.0066726645673,4450,,666900000.0,7620.0,True
637,S248,248,20,20_1,83,S_248,UAV_0,SENSOR,MASTER,access,2452.7118541758045,2456.3070347789558,5144,50.0,1430804.3371982595,8100.0,True
638,S248,248,20,20_1,83,UAV_0,SAT_0,MASTER,SATELLITE,satellite,2616.0,2616.0077133003447,5144,,666900000.0,8100.0,True
639,S461,461,20,20_6,83,S_461,UAV_1,SENSOR,SLAVE,access,2455.2353845718058,2458.4867026444845,4652,50.0,1430804.3371982595,8340.0,True
640,S461,461,20,20_6,83,UAV_1,UAV_0,SLAVE,MASTER,relay,2458.4867026444845,2459.0724448826445,4652,212.10811206003333,7942060.0,8340.0,True
641,S461,461,20,20_6,83,UAV_0,SAT_0,MASTER,SATELLITE,satellite,2616.0,2616.0069755585546,4652,,666900000.0,8340.0,True
642,S60,60,20,20_7,83,S_60,UAV_2,SENSOR,SLAVE,access,2453.7799112948696,2456.157594889722,3402,50.0,1430804.3371982595,8460.0,True
643,S60,60,20,20_7,83,UAV_2,UAV_0,SLAVE,MASTER,relay,2456.157594889722,2456.585947231558,3402,103.56698932459129,7942060.0,8460.0,True
644,S60,60,20,20_7,83,UAV_0,SAT_0,MASTER,SATELLITE,satellite,2616.0,2616.005101214575,3402,,666900000.0,8460.0,True
645,S353,353,20,20_5,83,S_353,UAV_3,SENSOR,SLAVE,access,2448.738759456892,2451.7272882786406,4276,50.0,1430804.3371982595,8340.0,True
646,S353,353,20,20_5,83,UAV_3,UAV_0,SLAVE,MASTER,relay,2451.7272882786406,2452.265687635986,4276,189.40494434961965,7942060.0,8340.0,True
647,S353,353,20,20_5,83,UAV_0,SAT_0,MASTER,SATELLITE,satellite,2616.0,2616.0064117558854,4276,,666900000.0,8340.0,True
648,S325,325,20,20_2,84,S_325,UAV_3,SENSOR,MASTER,access,2453.300294942734,2456.353822169633,4369,50.0,1430804.3371982595,8160.0,True
649,S325,325,20,20_2,84,UAV_3,SAT_0,MASTER,SATELLITE,satellite,2616.0,2616.0065512070773,4369,,666900000.0,8160.0,True
650,S264,264,20,20_4,85,S_264,UAV_1,SENSOR,MASTER,access,2471.1751860813024,2474.859127947401,5271,50.0,1430804.3371982595,8220.0,True
651,S264,264,20,20_4,85,UAV_1,SAT_0,MASTER,SATELLITE,satellite,2616.0,2616.007903733693,5271,,666900000.0,8220.0,True
652,S184,184,20,20_3,86,S_184,UAV_0,SENSOR,MASTER,access,2465.6389331674177,2468.7190188824425,4407,50.0,1430804.3371982595,8160.0,True
653,S184,184,20,20_3,86,UAV_0,SAT_0,MASTER,SATELLITE,satellite,2616.0,2616.0066081871346,4407,,666900000.0,8160.0,True
654,S443,443,41,41_4,87,S_443,UAV_0,SENSOR,SLAVE,access,2487.8431547976556,2490.4955090723365,3795,50.0,1430804.3371982595,7020.0,True
655,S443,443,41,41_4,87,UAV_0,UAV_1,SLAVE,MASTER,relay,2490.4955090723365,2490.9733447975764,3795,245.9303228306234,7942060.0,7020.0,True
656,S443,443,41,41_4,87,UAV_1,SAT_0,MASTER,SATELLITE,satellite,2616.0,2616.005690508322,3795,,666900000.0,7020.0,True
657,S330,330,41,41_6,87,S_330,UAV_1,SENSOR,MASTER,access,2484.3029029600075,2487.7666889376937,4956,50.0,1430804.3371982595,7020.0,True
658,S330,330,41,41_6,87,UAV_1,SAT_0,MASTER,SATELLITE,satellite,2616.0,2616.0074313990103,4956,,666900000.0,7020.0,True
659,S265,265,41,41_2,87,S_265,UAV_2,SENSOR,SLAVE,access,2492.6459260824054,2495.904233230907,4662,50.0,1430804.3371982595,6960.0,True
660,S265,265,41,41_2,87,UAV_2,UAV_1,SLAVE,MASTER,relay,2495.904233230907,2496.491234588237,4662,287.4072137875699,7942060.0,6960.0,True
661,S265,265,41,41_2,87,UAV_1,SAT_0,MASTER,SATELLITE,satellite,2616.0,2616.0069905533064,4662,,666900000.0,6960.0,True
662,S51,51,41,41_1,87,S_51,UAV_3,SENSOR,SLAVE,access,2493.9669568136187,2497.169351355539,4582,50.0,1430804.3371982595,6960.0,True
663,S51,51,41,41_1,87,UAV_3,UAV_1,SLAVE,MASTER,relay,2497.169351355539,2497.746279759505,4582,154.799995543634,7942060.0,6960.0,True
664,S51,51,41,41_1,87,UAV_1,SAT_0,MASTER,SATELLITE,satellite,2616.0,2616.0068705952917,4582,,666900000.0,6960.0,True
665,S385,385,41,41_7,88,S_385,UAV_0,SENSOR,MASTER,access,2497.0924376578587,2500.586975569164,5000,50.0,1430804.3371982595,7020.0,True
666,S385,385,41,41_7,88,UAV_0,SAT_0,MASTER,SATELLITE,satellite,2616.0,2616.0074973759183,5000,,666900000.0,7020.0,True
667,S479,479,41,41_5,89,S_479,UAV_1,SENSOR,MASTER,access,2506.6032428434933,2509.542848134484,4206,50.0,1430804.3371982595,7020.0,True
668,S479,479,41,41_5,89,UAV_1,SAT_0,MASTER,SATELLITE,satellite,2616.0,2616.0063067926226,4206,,666900000.0,7020.0,True
669,S249,249,41,41_3,90,S_249,UAV_3,SENSOR,MASTER,access,2505.1911297242946,2508.5340046902497,4783,50.0,1430804.3371982595,6960.0,True
670,S249,249,41,41_3,90,UAV_3,SAT_0,MASTER,SATELLITE,satellite,2616.0,2616.0071719898037,4783,,666900000.0,6960.0,True
671,S361,361,30,30_4,91,S_361,UAV_0,SENSOR,MASTER,access,2523.299189713507,2526.7021707315366,4869,50.0,1430804.3371982595,7800.0,True
672,S361,361,30,30_4,91,UAV_0,SAT_0,MASTER,SATELLITE,satellite,2616.0,2616.007300944669,4869,,666900000.0,7800.0,True
673,S153,153,30,30_1,91,S_153,UAV_1,SENSOR,SLAVE,access,2530.520254541733,2533.6744244604774,4513,50.0,1430804.3371982595,7740.0,True
674,S153,153,30,30_1,91,UAV_1,UAV_0,SLAVE,MASTER,relay,2533.6744244604774,2534.242664942166,4513,153.13601637962046,7942060.0,7740.0,True
675,S153,153,30,30_1,91,UAV_0,SAT_0,MASTER,SATELLITE,satellite,2616.0,2616.006767131504,4513,,666900000.0,7740.0,True
676,S151,151,30,30_6,91,S_151,UAV_2,SENSOR,SLAVE,access,2528.432402362094,2531.419533368678,4274,50.0,1430804.3371982595,7860.0,True
677,S151,151,30,30_6,91,UAV_2,UAV_0,SLAVE,MASTER,relay,2531.419533368678,2531.9576809021896,4274,239.42864896175286,7942060.0,7860.0,True
678,S151,151,30,30_6,91,UAV_0,SAT_0,MASTER,SATELLITE,satellite,2616.0,2616.006408756935,4274,,666900000.0,7860.0,True
679,S176,176,30,30_3,91,S_176,UAV_3,SENSOR,SLAVE,access,2525.7750441144776,2528.83276478687,4375,50.0,1430804.3371982595,7800.0,True
680,S176,176,30,30_3,91,UAV_3,UAV_0,SLAVE,MASTER,relay,2528.83276478687,2529.3836294240045,4375,39.70120920665155,7942060.0,7800.0,True
681,S176,176,30,30_3,91,UAV_0,SAT_0,MASTER,SATELLITE,satellite,2616.0,2616.0065602039285,4375,,666900000.0,7800.0,True
682,S391,391,30,30_8,92,S_391,UAV_0,SENSOR,MASTER,access,2531.6140330685125,2534.787073491978,4540,50.0,1430804.3371982595,7860.0,True
683,S391,391,30,30_8,92,UAV_0,SAT_0,MASTER,SATELLITE,satellite,2616.0,2616.006807617334,4540,,666900000.0,7860.0,True
684,S101,101,30,30_5,92,S_101,UAV_1,SENSOR,SLAVE,access,2546.808882598813,2550.293635803967,4986,50.0,1430804.3371982595,7800.0,True
685,S101,101,30,30_5,92,UAV_1,UAV_0,SLAVE,MASTER,relay,2550.293635803967,2550.9214326224246,4986,223.57855809671167,7942060.0,7800.0,True
686,S101,101,30,30_5,92,UAV_0,SAT_0,MASTER,SATELLITE,satellite,2616.0,2616.007476383266,4986,,666900000.0,7800.0,True
687,S120,120,30,30_2,92,S_120,UAV_3,SENSOR,SLAVE,access,2540.205229221391,2542.7359735767586,3621,50.0,1430804.3371982595,7800.0,True
688,S120,120,30,30_2,92,UAV_3,UAV_0,SLAVE,MASTER,relay,2542.7359735767586,2543.19190062843,3621,165.50423580748955,7942060.0,7800.0,True
689,S120,120,30,30_2,92,UAV_0,SAT_0,MASTER,SATELLITE,satellite,2616.0,2616.00542959964,3621,,666900000.0,7800.0,True
690,S150,150,30,30_7,93,S_150,UAV_2,SENSOR,MASTER,access,2552.553072180862,2555.6065994077608,4369,50.0,1430804.3371982595,7860.0,True
691,S150,150,30,30_7,93,UAV_2,SAT_0,MASTER,SATELLITE,satellite,2616.0,2616.0065512070773,4369,,666900000.0,7860.0,True
692,S257,257,46,46_7,94,S_257,UAV_0,SENSOR,MASTER,access,2568.6785977688023,2571.466540114442,3989,50.0,1430804.3371982595,6660.0,True
693,S257,257,46,46_7,94,UAV_0,SAT_0,MASTER,SATELLITE,satellite,2616.0,2616.0059814065075,3989,,666900000.0,6660.0,True
694,S4,4,46,46_5,94,S_4,UAV_1,SENSOR,SLAVE,access,2564.7744428606297,2567.7874334477574,4311,50.0,1430804.3371982595,6600.0,True
695,S4,4,46,46_5,94,UAV_1,UAV_0,SLAVE,MASTER,relay,2567.7874334477574,2568.3302397222,4311,131.31126134665493,7942060.0,6600.0,True
696,S4,4,46,46_5,94,UAV_0,SAT_0,MASTER,SATELLITE,satellite,2616.0,2616.006464237517,4311,,666900000.0,6600.0,True
697,S370,370,46,46_4,94,S_370,UAV_2,SENSOR,SLAVE,access,2569.024787610777,2571.8392884445425,4027,50.0,1430804.3371982595,6600.0,True
698,S370,370,46,46_4,94,UAV_2,UAV_0,SLAVE,MASTER,relay,2571.8392884445425,2572.3463357345404,4027,166.3601711147884,7942060.0,6600.0,True
699,S370,370,46,46_4,94,UAV_0,SAT_0,MASTER,SATELLITE,satellite,2616.0,2616.006038386565,4027,,666900000.0,6600.0,True
700,S311,311,46,46_1,94,S_311,UAV_3,SENSOR,SLAVE,access,2575.035113969456,2578.363311876183,4762,50.0,1430804.3371982595,6540.0,True
701,S311,311,46,46_1,94,UAV_3,UAV_0,SLAVE,MASTER,relay,2578.363311876183,2578.9629044252197,4762,142.70462231722615,7942060.0,6540.0,True
702,S311,311,46,46_1,94,UAV_0,SAT_0,MASTER,SATELLITE,satellite,2616.0,2616.007140500825,4762,,666900000.0,6540.0,True
703,S312,312,46,46_2,95,S_312,UAV_3,SENSOR,MASTER,access,2584.252365412053,2587.6308846647034,4834,50.0,1430804.3371982595,6540.0,True
704,S312,312,46,46_2,95,UAV_3,SAT_0,MASTER,SATELLITE,satellite,2616.0,2616.0072484630377,4834,,666900000.0,6540.0,True
705,S451,451,46,46_6,96,S_451,UAV_1,SENSOR,MASTER,access,2572.6675123727396,2576.057214146706,4850,50.0,1430804.3371982595,6600.0,True
706,S451,451,46,46_6,96,UAV_1,SAT_0,MASTER,SATELLITE,satellite,2616.0,2616.0072724546408,4850,,666900000.0,6600.0,True
707,S1,1,46,46_3,97,S_1,UAV_0,SENSOR,MASTER,access,2592.0227116169713,2595.6123009594644,5136,50.0,1430804.3371982595,6540.0,True
708,S1,1,46,46_3,97,UAV_0,SAT_0,MASTER,SATELLITE,satellite,2616.0,2616.0077013045434,5136,,666900000.0,6540.0,True
709,S486,486,28,28_5,98,S_486,UAV_0,SENSOR,MASTER,access,2602.7468579211823,2606.1365596951487,4850,50.0,1430804.3371982595,7260.0,True
710,S486,486,28,28_5,98,UAV_0,SAT_0,MASTER,SATELLITE,satellite,2616.0,2616.0072724546408,4850,,666900000.0,7260.0,True
711,S433,433,28,28_6,98,S_433,UAV_1,SENSOR,SLAVE,access,2602.583619415174,2606.2948186769804,5310,50.0,1430804.3371982595,7260.0,True
712,S433,433,28,28_6,98,UAV_1,UAV_0,SLAVE,MASTER,relay,2606.2948186769804,2606.9634109565654,5310,45.412350237907674,7942060.0,7260.0,True
713,S433,433,28,28_6,98,UAV_0,SAT_0,MASTER,SATELLITE,satellite,2616.0,2616.0079622132253,5310,,666900000.0,7260.0,True
714,S122,122,28,28_1,98,S_122,UAV_2,SENSOR,SLAVE,access,2606.5792663124903,2609.6768247170717,4432,50.0,1430804.3371982595,7260.0,True
715,S122,122,28,28_1,98,UAV_2,UAV_0,SLAVE,MASTER,relay,2609.6768247170717,2610.2348663334783,4432,106.29234979448822,7942060.0,7260.0,True
716,S122,122,28,28_1,98,UAV_0,SAT_0,MASTER,SATELLITE,satellite,2616.0,2616.006645674014,4432,,666900000.0,7260.0,True
717,S54,54,28,28_3,98,S_54,UAV_3,SENSOR,SLAVE,access,2608.3712995555834,2611.5855755264024,4599,50.0,1430804.3371982595,7260.0,True
718,S54,54,28,28_3,98,UAV_3,UAV_0,SLAVE,MASTER,relay,2611.5855755264024,2612.164644432958,4599,102.85522858423138,7942060.0,7260.0,True
719,S54,54,28,28_3,98,UAV_0,SAT_0,MASTER,SATELLITE,satellite,2616.0,2616.0068960863696,4599,,666900000.0,7260.0,True
720,S411,411,28,28_7,99,S_411,UAV_3,SENSOR,MASTER,access,2617.1412644694524,2619.9732379927746,4052,50.0,1430804.3371982595,7320.0,True
721,S411,411,28,28_7,99,UAV_3,SAT_0,MASTER,SATELLITE,satellite,2619.9732379927746,2619.979313866219,4052,,666900000.0,7320.0,True
722,S62,62,28,28_2,100,S_62,UAV_1,SENSOR,MASTER,access,2628.6620010457304,2631.8727824786383,4594,50.0,1430804.3371982595,7260.0,True
723,S62,62,28,28_2,100,UAV_1,SAT_0,MASTER,SATELLITE,satellite,2631.8727824786383,2631.879671067632,4594,,666900000.0,7260.0,True
724,S387,387,28,28_4,101,S_387,UAV_2,SENSOR,MASTER,access,2632.4777663595446,2635.7458582141976,4676,50.0,1430804.3371982595,7260.0,True
725,S387,387,28,28_4,101,UAV_2,SAT_0,MASTER,SATELLITE,satellite,2635.7458582141976,2635.7528697601565,4676,,666900000.0,7260.0,True
726,S90,90,10,10_2,102,S_90,UAV_0,SENSOR,SLAVE,access,2652.0487711750507,2654.7542424259836,3871,50.0,1430804.3371982595,5700.0,True
727,S90,90,10,10_2,102,UAV_0,UAV_1,SLAVE,MASTER,relay,2654.7542424259836,2655.2416474569204,3871,241.6794831732735,7942060.0,5700.0,True
728,S90,90,10,10_2,102,UAV_1,SAT_0,MASTER,SATELLITE,satellite,2655.2416474569204,2655.2474519253565,3871,,666900000.0,5700.0,True
729,S199,199,10,10_1,102,S_199,UAV_1,SENSOR,MASTER,access,2659.544200071405,2663.191099835644,5218,50.0,1430804.3371982595,5640.0,True
730,S199,199,10,10_1,102,UAV_1,SAT_0,MASTER,SATELLITE,satellite,2663.191099835644,2663.1989240971525,5218,,666900000.0,5640.0,True
731,S462,462,10,10_7,102,S_462,UAV_2,SENSOR,SLAVE,access,2657.432208741636,2660.0992400755445,3816,50.0,1430804.3371982595,5760.0,True
732,S462,462,10,10_7,102,UAV_2,UAV_1,SLAVE,MASTER,relay,2660.0992400755445,2660.5797199510425,3816,153.80683169205176,7942060.0,5760.0,True
733,S462,462,10,10_7,102,UAV_1,SAT_0,MASTER,SATELLITE,satellite,2660.5797199510425,2660.5854419483435,3816,,666900000.0,5760.0,True
734,S386,386,10,10_3,102,S_386,UAV_3,SENSOR,SLAVE,access,2661.641170726062,2664.444489038511,4011,50.0,1430804.3371982595,5700.0,True
735,S386,386,10,10_3,102,UAV_3,UAV_1,SLAVE,MASTER,relay,2664.444489038511,2664.949521737836,4011,127.6692252705941,7942060.0,5700.0,True
736,S386,386,10,10_3,102,UAV_1,SAT_0,MASTER,SATELLITE,satellite,2664.949521737836,2664.955536132798,4011,,666900000.0,5700.0,True
737,S124,124,10,10_8,103,S_124,UAV_2,SENSOR,MASTER,access,2681.012074877334,2683.9363042015143,4184,50.0,1430804.3371982595,5760.0,True
738,S124,124,10,10_8,103,UAV_2,SAT_0,MASTER,SATELLITE,satellite,2686.0,2686.0062578522284,4184,,668600000.0,5760.0,True
739,S436,436,10,10_5,104,S_436,UAV_0,SENSOR,SLAVE,access,2676.682937335529,2679.7273787638587,4356,50.0,1430804.3371982595,5700.0,True
740,S436,436,10,10_5,104,UAV_0,UAV_3,SLAVE,MASTER,relay,2679.7273787638587,2680.275851074569,4356,69.88198569054686,7942060.0,5700.0,True
741,S436,436,10,10_5,104,UAV_3,SAT_0,MASTER,SATELLITE,satellite,2686.0,2686.006515106192,4356,,668600000.0,5700.0,True
742,S342,342,10,10_4,104,S_342,UAV_1,SENSOR,SLAVE,access,2676.492525778719,2679.4733666170628,4265,50.0,1430804.3371982595,5700.0,True
743,S342,342,10,10_4,104,UAV_1,UAV_3,SLAVE,MASTER,relay,2679.4733666170628,2680.010380943321,4265,193.9262486606288,7942060.0,5700.0,True
744,S342,342,10,10_4,104,UAV_3,SAT_0,MASTER,SATELLITE,satellite,2686.0,2686.0063790008976,4265,,668600000.0,5700.0,True
745,S183,183,10,10_6,104,S_183,UAV_3,SENSOR,MASTER,access,2668.359785184429,2671.789324690584,4907,50.0,1430804.3371982595,5700.0,True
746,S183,183,10,10_6,104,UAV_3,SAT_0,MASTER,SATELLITE,satellite,2671.789324690584,2671.7966826153106,4907,,666900000.0,5700.0,True
747,S246,246,9,9_7,105,S_246,UAV_0,SENSOR,MASTER,access,2695.624833350864,2698.5099238504376,4128,50.0,1430804.3371982595,7260.0,True
748,S246,246,9,9_7,105,UAV_0,SAT_0,MASTER,SATELLITE,satellite,2698.5099238504376,2698.516097945562,4128,,668600000.0,7260.0,True
749,S294,294,9,9_5,105,S_294,UAV_1,SENSOR,SLAVE,access,2701.758524139818,2704.967907757561,4592,50.0,1430804.3371982595,7200.0,True
750,S294,294,9,9_5,105,UAV_1,UAV_0,SLAVE,MASTER,relay,2704.967907757561,2705.5460952806975,4592,228.13793205128786,7942060.0,7200.0,True
751,S294,294,9,9_5,105,UAV_0,SAT_0,MASTER,SATELLITE,satellite,2705.5460952806975,2705.552963363258,4592,,668600000.0,7200.0,True
752,S166,166,9,9_6,105,S_166,UAV_2,SENSOR,SLAVE,access,2702.030486407977,2705.8451239919586,5458,50.0,1430804.3371982595,7200.0,True
753,S166,166,9,9_6,105,UAV_2,UAV_0,SLAVE,MASTER,relay,2705.8451239919586,2706.5323512352684,5458,103.79443358445245,7942060.0,7200.0,True
754,S166,166,9,9_6,105,UAV_0,SAT_0,MASTER,SATELLITE,satellite,2706.5323512352684,2706.540514561622,5458,,668600000.0,7200.0,True
755,S323,323,9,9_3,105,S_323,UAV_3,SENSOR,SLAVE,access,2704.8961809846724,2707.6561670270216,3949,50.0,1430804.3371982595,7200.0,True
756,S323,323,9,9_3,105,UAV_3,UAV_0,SLAVE,MASTER,relay,2707.6561670270216,2708.1533931874887,3949,192.52587282101166,7942060.0,7200.0,True
757,S323,323,9,9_3,105,UAV_0,SAT_0,MASTER,SATELLITE,satellite,2708.1533931874887,2708.1592995590113,3949,,668600000.0,7200.0,True
758,S267,267,9,9_1,106,S_267,UAV_0,SENSOR,MASTER,access,2714.768727793554,2717.88935014835,4465,50.0,1430804.3371982595,7140.0,True
759,S267,267,9,9_1,106,UAV_0,SAT_0,MASTER,SATELLITE,satellite,2717.88935014835,2717.896028281763,4465,,668600000.0,7140.0,True
760,S163,163,9,9_8,106,S_163,UAV_2,SENSOR,SLAVE,access,2709.2290889742826,2712.162404097033,4197,50.0,1430804.3371982595,8100.0,True
761,S163,163,9,9_8,106,UAV_2,UAV_0,SLAVE,MASTER,relay,2712.162404097033,2712.6908564129308,4197,189.3913063826838,7942060.0,8100.0,True
762,S163,163,9,9_8,106,UAV_0,SAT_0,MASTER,SATELLITE,satellite,2712.6908564129308,2712.697133708773,4197,,668600000.0,8100.0,True
763,S49,49,9,9_2,107,S_49,UAV_3,SENSOR,MASTER,access,2723.6241617089577,2726.7706436442973,4502,50.0,1430804.3371982595,7140.0,True
764,S49,49,9,9_2,107,UAV_3,SAT_0,MASTER,SATELLITE,satellite,2726.7706436442973,2726.7773771172256,4502,,668600000.0,7140.0,True
765,S413,413,9,9_4,108,S_413,UAV_2,SENSOR,MASTER,access,2730.07954546243,2733.2735531133635,4570,50.0,1430804.3371982595,7200.0,True
766,S413,413,9,9_4,108,UAV_2,SAT_0,MASTER,SATELLITE,satellite,2733.2735531133635,2733.280388291347,4570,,668600000.0,7200.0,True
767,S137,137,24,24_1,109,S_137,UAV_0,SENSOR,MASTER,access,2746.5096098738163,2750.1900572020036,5266,50.0,1430804.3371982595,7860.0,True
768,S137,137,24,24_1,109,UAV_0,SAT_0,MASTER,SATELLITE,satellite,2750.1900572020036,2750.197933361142,5266,,668600000.0,7860.0,True
769,S6,6,24,24_6,109,S_6,UAV_1,SENSOR,SLAVE,access,2746.4894418545678,2749.7295774059303,4636,50.0,1430804.3371982595,8040.0,True
770,S6,6,24,24_6,109,UAV_1,UAV_0,SLAVE,MASTER,relay,2749.7295774059303,2750.313305053417,4636,205.05580294579212,7942060.0,8040.0,True
771,S6,6,24,24_6,109,UAV_0,SAT_0,MASTER,SATELLITE,satellite,2750.313305053417,2750.320238945131,4636,,668600000.0,8040.0,True
772,S44,44,24,24_5,109,S_44,UAV_2,SENSOR,SLAVE,access,2747.337273326762,2750.8443915745484,5018,50.0,1430804.3371982595,7980.0,True
773,S44,44,24,24_5,109,UAV_2,UAV_0,SLAVE,MASTER,relay,2750.8443915745484,2751.4762175743517,5018,154.31695948803178,7942060.0,7980.0,True
774,S44,44,24,24_5,109,UAV_0,SAT_0,MASTER,SATELLITE,satellite,2751.4762175743517,2751.4837228091706,5018,,668600000.0,7980.0,True
775,S410,410,24,24_4,109,S_410,UAV_3,SENSOR,SLAVE,access,2748.0265202235396,2750.711024247005,3841,50.0,1430804.3371982595,7980.0,True
776,S410,410,24,24_4,109,UAV_3,UAV_0,SLAVE,MASTER,relay,2750.711024247005,2751.19465192043,3841,27.407317744083773,7942060.0,7980.0,True
777,S410,410,24,24_4,109,UAV_0,SAT_0,MASTER,SATELLITE,satellite,2751.19465192043,2751.2003967603937,3841,,668600000.0,7980.0,True
778,S425,425,24,24_7,110,S_425,UAV_3,SENSOR,MASTER,access,2759.765534865077,2762.4060077108597,3778,50.0,1430804.3371982595,8100.0,True
779,S425,425,24,24_7,110,UAV_3,SAT_0,MASTER,SATELLITE,satellite,2762.4060077108597,2762.4116583240816,3778,,668600000.0,8100.0,True
780,S481,481,24,24_2,111,S_481,UAV_0,SENSOR,MASTER,access,2769.204090821121,2771.829886607676,3757,50.0,1430804.3371982595,7920.0,True
781,S481,481,24,24_2,111,UAV_0,SAT_0,MASTER,SATELLITE,satellite,2771.829886607676,2771.8355058119837,3757,,668600000.0,7920.0,True
782,S469,469,24,24_3,112,S_469,UAV_1,SENSOR,MASTER,access,2763.590040687257,2767.199898349636,5165,50.0,1430804.3371982595,7920.0,True
783,S469,469,24,24_3,112,UAV_1,SAT_0,MASTER,SATELLITE,satellite,2767.199898349636,2767.207623446854,5165,,668600000.0,7920.0,True
784,S205,205,34,34_6,113,S_205,UAV_0,SENSOR,SLAVE,access,2784.0256299250386,2786.8191635313365,3997,50.0,1430804.3371982595,6720.0,True
785,S205,205,34,34_6,113,UAV_0,UAV_2,SLAVE,MASTER,relay,2786.8191635313365,2787.3224334638226,3997,100.81886843787181,7942060.0,6720.0,True
786,S205,205,34,34_6,113,UAV_2,SAT_0,MASTER,SATELLITE,satellite,2787.3224334638226,2787.328411627149,3997,,668600000.0,6720.0,True
787,S275,275,34,34_8,113,S_275,UAV_1,SENSOR,SLAVE,access,2780.1394374847146,2783.044097396592,4156,50.0,1430804.3371982595,6780.0,True
788,S275,275,34,34_8,113,UAV_1,UAV_2,SLAVE,MASTER,relay,2783.044097396592,2783.56738732389,4156,36.84456769702221,7942060.0,6780.0,True
789,S275,275,34,34_8,113,UAV_2,SAT_0,MASTER,SATELLITE,satellite,2783.56738732389,2783.5736032975665,4156,,668600000.0,6780.0,True
790,S52,52,34,34_7,113,S_52,UAV_2,SENSOR,MASTER,access,2777.6942478935684,2781.137066643787,4926,50.0,1430804.3371982595,6720.0,True
791,S52,52,34,34_7,113,UAV_2,SAT_0,MASTER,SATELLITE,satellite,2781.137066643787,2781.1444342776485,4926,,668600000.0,6720.0,True
792,S204,204,34,34_2,113,S_204,UAV_3,SENSOR,SLAVE,access,2781.4693302508076,2784.593447143515,4470,50.0,1430804.3371982595,6660.0,True
793,S204,204,34,34_2,113,UAV_3,UAV_2,SLAVE,MASTER,relay,2784.593447143515,2785.1562734127697,4470,57.78566564257951,7942060.0,6660.0,True
794,S204,204,34,34_2,113,UAV_2,SAT_0,MASTER,SATELLITE,satellite,2785.1562734127697,2785.1629590244956,4470,,668600000.0,6660.0,True
795,S28,28,34,34_4,114,S_28,UAV_1,SENSOR,SLAVE,access,2798.001213853389,2801.778110427928,5404,50.0,1430804.3371982595,6660.0,True
796,S28,28,34,34_4,114,UAV_1,UAV_3,SLAVE,MASTER,relay,2801.778110427928,2802.4585384277166,5404,148.09024526516822,7942060.0,6660.0,True
797,S28,28,34,34_4,114,UAV_3,SAT_0,MASTER,SATELLITE,satellite,2802.4585384277166,2802.4666209882907,5404,,668600000.0,6660.0,True
798,S397,397,34,34_1,114,S_397,UAV_2,SENSOR,SLAVE,access,2803.5445175971404,2806.469445828903,4185,50.0,1430804.3371982595,6660.0,True
799,S397,397,34,34_1,114,UAV_2,UAV_3,SLAVE,MASTER,relay,2806.469445828903,2806.9963872017966,4185,183.70894334951757,7942060.0,6660.0,True
800,S397,397,34,34_1,114,UAV_3,SAT_0,MASTER,SATELLITE,satellite,2806.9963872017966,2807.0026465496876,4185,,668600000.0,6660.0,True
801,S426,426,34,34_5,114,S_426,UAV_3,SENSOR,MASTER,access,2792.6289361028125,2795.0275869251327,3432,50.0,1430804.3371982595,6720.0,True
802,S426,426,34,34_5,114,UAV_3,SAT_0,MASTER,SATELLITE,satellite,2795.0275869251327,2795.032720039102,3432,,668600000.0,6720.0,True
803,S459,459,34,34_3,115,S_459,UAV_0,SENSOR,MASTER,access,2801.0574118427044,2804.6435066472864,5131,50.0,1430804.3371982595,6660.0,True
804,S459,459,34,34_3,115,UAV_0,SAT_0,MASTER,SATELLITE,satellite,2804.6435066472864,2804.6511808919768,5131,,668600000.0,6660.0,True
805,S467,467,44,44_7,116,S_467,UAV_0,SENSOR,MASTER,access,2809.8934636490158,2812.969355918547,4401,50.0,1430804.3371982595,7140.0,True
806,S467,467,44,44_7,116,UAV_0,SAT_0,MASTER,SATELLITE,satellite,2812.969355918547,2812.975938329555,4401,,668600000.0,7140.0,True
807,S379,379,44,44_1,116,S_379,UAV_1,SENSOR,SLAVE,access,2817.8057013335115,2821.437924038523,5197,50.0,1430804.3371982595,7020.0,True
808,S379,379,44,44_1,116,UAV_1,UAV_0,SLAVE,MASTER,relay,2821.437924038523,2822.09228827148,5197,132.97628851750213,7942060.0,7020.0,True
809,S379,379,44,44_1,116,UAV_0,SAT_0,MASTER,SATELLITE,satellite,2822.09228827148,2822.1000612299003,5197,,668600000.0,7020.0,True
810,S94,94,44,44_5,116,S_94,UAV_2,SENSOR,SLAVE,access,2819.3057774176987,2822.7632732271445,4947,50.0,1430804.3371982595,7080.0,True
811,S94,94,44,44_5,116,UAV_2,UAV_0,SLAVE,MASTER,relay,2822.7632732271445,2823.386159480837,4947,165.17741028280133,7942060.0,7080.0,True
812,S94,94,44,44_5,116,UAV_0,SAT_0,MASTER,SATELLITE,satellite,2823.386159480837,2823.3935585236127,4947,,668600000.0,7080.0,True
813,S32,32,44,44_6,116,S_32,UAV_3,SENSOR,SLAVE,access,2824.2831274883097,2826.9103210900294,3759,50.0,1430804.3371982595,7140.0,True
814,S32,32,44,44_6,116,UAV_3,UAV_0,SLAVE,MASTER,relay,2826.9103210900294,2827.3836239862553,3759,220.91774384163222,7942060.0,7140.0,True
815,S32,32,44,44_6,116,UAV_0,SAT_0,MASTER,SATELLITE,satellite,2827.3836239862553,2827.3892461818878,3759,,668600000.0,7140.0,True
816,S418,418,44,44_2,117,S_418,UAV_3,SENSOR,MASTER,access,2833.9135809958584,2837.185167388423,4681,50.0,1430804.3371982595,7080.0,True
817,S418,418,44,44_2,117,UAV_3,SAT_0,MASTER,SATELLITE,satellite,2837.185167388423,2837.192168584953,4681,,668600000.0,7080.0,True
818,S123,123,44,44_3,118,S_123,UAV_2,SENSOR,MASTER,access,2831.091881739089,2834.5256146907377,4913,50.0,1430804.3371982595,7080.0,True
819,S123,123,44,44_3,118,UAV_2,SAT_0,MASTER,SATELLITE,satellite,2834.5256146907377,2834.532962880986,4913,,668600000.0,7080.0,True
820,S70,70,44,44_4,119,S_70,UAV_0,SENSOR,MASTER,access,2832.4197140189103,2835.871618567698,4939,50.0,1430804.3371982595,7080.0,True
821,S70,70,44,44_4,119,UAV_0,SAT_0,MASTER,SATELLITE,satellite,2835.871618567698,2835.8790056451735,4939,,668600000.0,7080.0,True
822,S333,333,43,43_5,120,S_333,UAV_0,SENSOR,SLAVE,access,2844.6857504194745,2847.5554649522387,4106,50.0,1430804.3371982595,6360.0,True
823,S333,333,43,43_5,120,UAV_0,UAV_2,SLAVE,MASTER,relay,2847.5554649522387,2848.072459283684,4106,120.87410228591727,7942060.0,6360.0,True
824,S333,333,43,43_5,120,UAV_2,SAT_0,MASTER,SATELLITE,satellite,2848.072459283684,2848.0786004742317,4106,,668600000.0,6360.0,True
825,S217,217,43,43_6,120,S_217,UAV_1,SENSOR,SLAVE,access,2840.2924136702136,2843.5521186338797,4664,50.0,1430804.3371982595,6360.0,True
826,S217,217,43,43_6,120,UAV_1,UAV_2,SLAVE,MASTER,relay,2843.5521186338797,2844.1393718150443,4664,113.05024231211718,7942060.0,6360.0,True
827,S217,217,43,43_6,120,UAV_2,SAT_0,MASTER,SATELLITE,satellite,2844.1393718150443,2844.1463475853107,4664,,668600000.0,6360.0,True
828,S139,139,43,43_3,120,S_139,UAV_2,SENSOR,MASTER,access,2846.0511294987587,2849.4121760618527,4809,50.0,1430804.3371982595,6300.0,True
829,S139,139,43,43_3,120,UAV_2,SAT_0,MASTER,SATELLITE,satellite,2849.4121760618527,2849.419368703193,4809,,668600000.0,6300.0,True
830,S284,284,43,43_2,120,S_284,UAV_3,SENSOR,SLAVE,access,2848.3778135940784,2851.396395441864,4319,50.0,1430804.3371982595,6300.0,True
831,S284,284,43,43_2,120,UAV_3,UAV_2,SLAVE,MASTER,relay,2851.396395441864,2851.940209011643,4319,60.22931172908941,7942060.0,6300.0,True
832,S284,284,43,43_2,120,UAV_2,SAT_0,MASTER,SATELLITE,satellite,2851.940209011643,2851.9466687783197,4319,,668600000.0,6300.0,True
833,S210,210,43,43_7,121,S_210,UAV_0,SENSOR,MASTER,access,2861.4101291972925,2864.1715130548064,3951,50.0,1430804.3371982595,6420.0,True
834,S210,210,43,43_7,121,UAV_0,SAT_0,MASTER,SATELLITE,satellite,2864.1715130548064,2864.1774224176543,3951,,668600000.0,6420.0,True
835,S415,415,43,43_8,121,S_415,UAV_1,SENSOR,SLAVE,access,2871.2638203266993,2874.0510637647567,3988,50.0,1430804.3371982595,6420.0,True
836,S415,415,43,43_8,121,UAV_1,UAV_0,SLAVE,MASTER,relay,2874.0510637647567,2874.553200489989,3988,249.40504867106986,7942060.0,6420.0,True
837,S415,415,43,43_8,121,UAV_0,SAT_0,MASTER,SATELLITE,satellite,3133.0,3133.0059460265393,3988,,670700000.0,6420.0,True
838,S375,375,43,43_4,122,S_375,UAV_2,SENSOR,MASTER,access,2867.716727405707,2870.0930131853947,3400,50.0,1430804.3371982595,6360.0,True
839,S375,375,43,43_4,122,UAV_2,SAT_0,MASTER,SATELLITE,satellite,3133.0,3133.00506933055,3400,,670700000.0,6360.0,True
840,S85,85,43,43_1,123,S_85,UAV_3,SENSOR,MASTER,access,2860.029775035337,2863.002927890276,4254,50.0,1430804.3371982595,6300.0,True
841,S85,85,43,43_1,123,UAV_3,SAT_0,MASTER,SATELLITE,satellite,2863.002927890276,2863.0092904388853,4254,,668600000.0,6300.0,True
842,S167,167,16,16_3,124,S_167,UAV_0,SENSOR,MASTER,access,2893.0381381820166,2895.7002771628495,3809,50.0,1430804.3371982595,5940.0,True
843,S167,167,16,16_3,124,UAV_0,SAT_0,MASTER,SATELLITE,satellite,3133.0,3133.0056791411957,3809,,670700000.0,5940.0,True
844,S417,417,16,16_7,124,S_417,UAV_1,SENSOR,SLAVE,access,2893.116837574123,2896.368854554384,4653,50.0,1430804.3371982595,5940.0,True
845,S417,417,16,16_7,124,UAV_1,UAV_0,SLAVE,MASTER,relay,2896.368854554384,2896.954722704461,4653,81.93463381653828,7942060.0,5940.0,True
846,S417,417,16,16_7,124,UAV_0,SAT_0,MASTER,SATELLITE,satellite,3133.0,3133.006937527956,4653,,670700000.0,5940.0,True
847,S348,348,16,16_5,124,S_348,UAV_2,SENSOR,SLAVE,access,2892.565236471593,2895.429359743699,4098,50.0,1430804.3371982595,5940.0,True
848,S348,348,16,16_5,124,UAV_2,UAV_0,SLAVE,MASTER,relay,2895.429359743699,2895.945346779808,4098,211.98094839393733,7942060.0,5940.0,True
849,S348,348,16,16_5,124,UAV_0,SAT_0,MASTER,SATELLITE,satellite,3133.0,3133.0061100342923,4098,,670700000.0,5940.0,True
850,S477,477,16,16_8,124,S_477,UAV_3,SENSOR,SLAVE,access,2895.1036396692207,2898.2794757230154,4544,50.0,1430804.3371982595,6060.0,True
851,S477,477,16,16_8,124,UAV_3,UAV_0,SLAVE,MASTER,relay,2898.2794757230154,2898.851619474133,4544,142.14503772474748,7942060.0,6060.0,True
852,S477,477,16,16_8,124,UAV_0,SAT_0,MASTER,SATELLITE,satellite,3133.0,3133.0067750111825,4544,,670700000.0,6060.0,True
853,S67,67,16,16_1,125,S_67,UAV_1,SENSOR,MASTER,access,2906.5308305365006,2909.930317016619,4864,50.0,1430804.3371982595,5880.0,True
854,S67,67,16,16_1,125,UAV_1,SAT_0,MASTER,SATELLITE,satellite,3133.0,3133.0072521246457,4864,,670700000.0,5880.0,True
855,S175,175,16,16_2,125,S_175,UAV_2,SENSOR,SLAVE,access,2909.014843130923,2912.7302358382235,5316,50.0,1430804.3371982595,5880.0,True
856,S175,175,16,16_2,125,UAV_2,UAV_1,SLAVE,MASTER,relay,2912.7302358382235,2913.3995835893106,5316,140.5209707417689,7942060.0,5880.0,True
857,S175,175,16,16_2,125,UAV_1,SAT_0,MASTER,SATELLITE,satellite,3133.0,3133.007926047413,5316,,670700000.0,5880.0,True
858,S367,367,16,16_4,126,S_367,UAV_0,SENSOR,SLAVE,access,2929.802112137902,2932.5607003650866,3947,50.0,1430804.3371982595,5940.0,True
859,S367,367,16,16_4,126,UAV_0,UAV_3,SLAVE,MASTER,relay,2932.5607003650866,2933.05767470172,3947,192.5674933354952,7942060.0,5940.0,True
860,S367,367,16,16_4,126,UAV_3,SAT_0,MASTER,SATELLITE,satellite,3133.0,3133.0058848963768,3947,,670700000.0,5940.0,True
861,S178,178,16,16_6,126,S_178,UAV_3,SENSOR,MASTER,access,2922.99715581367,2925.8752572374215,4118,50.0,1430804.3371982595,5940.0,True
862,S178,178,16,16_6,126,UAV_3,SAT_0,MASTER,SATELLITE,satellite,3133.0,3133.006139853884,4118,,670700000.0,5940.0,True
863,S456,456,13,13_3,127,S_456,UAV_0,SENSOR,MASTER,access,2952.814751368162,2955.6397358156614,4042,50.0,1430804.3371982595,6840.0,True
864,S456,456,13,13_3,127,UAV_0,SAT_0,MASTER,SATELLITE,satellite,3133.0,3133.0060265394363,4042,,670700000.0,6840.0,True
865,S86,86,13,13_2,127,S_86,UAV_1,SENSOR,SLAVE,access,2953.6658895189635,2956.25813774157,3709,50.0,1430804.3371982595,6840.0,True
866,S86,86,13,13_2,127,UAV_1,UAV_0,SLAVE,MASTER,relay,2956.25813774157,2956.725145041943,3709,114.206996029994,7942060.0,6840.0,True
867,S86,86,13,13_2,127,UAV_0,SAT_0,MASTER,SATELLITE,satellite,3133.0,3133.005530043238,3709,,670700000.0,6840.0,True
868,S473,473,13,13_7,127,S_473,UAV_2,SENSOR,SLAVE,access,2954.915865635247,2958.0197142080688,4441,50.0,1430804.3371982595,6840.0,True
869,S473,473,13,13_7,127,UAV_2,UAV_0,SLAVE,MASTER,relay,2958.0197142080688,2958.578889031729,4441,40.50261444838933,7942060.0,6840.0,True
870,S473,473,13,13_7,127,UAV_0,SAT_0,MASTER,SATELLITE,satellite,3133.0,3133.0066214402864,4441,,670700000.0,6840.0,True
871,S38,38,13,13_8,127,S_38,UAV_3,SENSOR,SLAVE,access,2954.753570544668,2958.0230602144857,4678,50.0,1430804.3371982595,6840.0,True
872,S38,38,13,13_8,127,UAV_3,UAV_0,SLAVE,MASTER,relay,2958.0230602144857,2958.6120761624893,4678,133.4394212273146,7942060.0,6840.0,True
873,S38,38,13,13_8,127,UAV_0,SAT_0,MASTER,SATELLITE,satellite,3133.0,3133.0069748024453,4678,,670700000.0,6840.0,True
874,S282,282,13,13_4,128,S_282,UAV_3,SENSOR,MASTER,access,2966.9763748890255,2969.964204803192,4275,50.0,1430804.3371982595,6840.0,True
875,S282,282,13,13_4,128,UAV_3,SAT_0,MASTER,SATELLITE,satellite,3133.0,3133.006373937677,4275,,670700000.0,6840.0,True
876,S398,398,13,13_1,129,S_398,UAV_0,SENSOR,MASTER,access,2962.6227713494845,2965.9362921969846,4741,50.0,1430804.3371982595,6780.0,True
877,S398,398,13,13_1,129,UAV_0,SAT_0,MASTER,SATELLITE,satellite,3133.0,3133.0070687341586,4741,,670700000.0,6780.0,True
878,S406,406,13,13_6,129,S_406,UAV_1,SENSOR,SLAVE,access,2968.6644840222107,2971.7068287277934,4353,50.0,1430804.3371982595,6840.0,True
879,S406,406,13,13_6,129,UAV_1,UAV_0,SLAVE,MASTER,relay,2971.7068287277934,2972.2549233027526,4353,205.766018377452,7942060.0,6840.0,True
880,S406,406,13,13_6,129,UAV_0,SAT_0,MASTER,SATELLITE,satellite,3133.0,3133.0064902340837,4353,,670700000.0,6840.0,True
881,S480,480,13,13_5,130,S_480,UAV_2,SENSOR,MASTER,access,2988.6885913741635,2991.690399439975,4295,50.0,1430804.3371982595,6840.0,True
882,S480,480,13,13_5,130,UAV_2,SAT_0,MASTER,SATELLITE,satellite,3133.0,3133.0064037572683,4295,,670700000.0,6840.0,True
883,S69,69,5,5_6,131,S_69,UAV_0,SENSOR,SLAVE,access,3005.7117228757115,3008.7757337163443,4384,50.0,1430804.3371982595,6540.0,True
884,S69,69,5,5_6,131,UAV_0,UAV_1,SLAVE,MASTER,relay,3008.7757337163443,3009.3277315607324,4384,98.80053406301245,7942060.0,6540.0,True
885,S69,69,5,5_6,131,UAV_1,SAT_0,MASTER,SATELLITE,satellite,3133.0,3133.0065364544507,4384,,670700000.0,6540.0,True
886,S203,203,5,5_2,131,S_203,UAV_1,SENSOR,MASTER,access,3007.53691480354,3010.779845985232,4640,50.0,1430804.3371982595,6480.0,True
887,S203,203,5,5_2,131,UAV_1,SAT_0,MASTER,SATELLITE,satellite,3133.0,3133.0069181452213,4640,,670700000.0,6480.0,True
888,S414,414,5,5_3,131,S_414,UAV_2,SENSOR,SLAVE,access,3017.9369037320917,3021.4754728210796,5063,50.0,1430804.3371982595,6480.0,True
889,S414,414,5,5_3,131,UAV_2,UAV_1,SLAVE,MASTER,relay,3021.4754728210796,3022.112964857151,5063,158.00352880031326,7942060.0,6480.0,True
890,S414,414,5,5_3,131,UAV_1,SAT_0,MASTER,SATELLITE,satellite,3133.0,3133.007548829581,5063,,670700000.0,6480.0,True
891,S358,358,5,5_1,131,S_358,UAV_3,SENSOR,SLAVE,access,3010.5467823700014,3013.781326660706,4628,50.0,1430804.3371982595,6480.0,True
892,S358,358,5,5_1,131,UAV_3,UAV_1,SLAVE,MASTER,relay,3013.781326660706,3014.364047012856,4628,68.99000190251466,7942060.0,6480.0,True
893,S358,358,5,5_1,131,UAV_1,SAT_0,MASTER,SATELLITE,satellite,3133.0,3133.0069002534665,4628,,670700000.0,6480.0,True
894,S112,112,5,5_5,132,S_112,UAV_3,SENSOR,MASTER,access,3036.824304976604,3039.817027243846,4282,50.0,1430804.3371982595,6540.0,True
895,S112,112,5,5_5,132,UAV_3,SAT_0,MASTER,SATELLITE,satellite,3133.0,3133.0063843745343,4282,,670700000.0,6540.0,True
896,S14,14,5,5_4,133,S_14,UAV_0,SENSOR,MASTER,access,3027.427777590546,3031.080268615443,5226,50.0,1430804.3371982595,6480.0,True
897,S14,14,5,5_4,133,UAV_0,SAT_0,MASTER,SATELLITE,satellite,3133.0,3133.0077918592515,5226,,670700000.0,6480.0,True
898,S105,105,5,5_7,133,S_105,UAV_1,SENSOR,SLAVE,access,3039.313680836396,3042.446883527673,4483,50.0,1430804.3371982595,6540.0,True
899,S105,105,5,5_7,133,UAV_1,UAV_0,SLAVE,MASTER,relay,3042.446883527673,3043.0113466518496,4483,234.98859771051374,7942060.0,6540.0,True
900,S105,105,5,5_7,133,UAV_0,SAT_0,MASTER,SATELLITE,satellite,3133.0,3133.006684061428,4483,,670700000.0,6540.0,True
901,S157,157,22,22_2,134,S_157,UAV_0,SENSOR,MASTER,access,3058.981742002345,3061.8898964521336,4161,50.0,1430804.3371982595,6420.0,True
902,S157,157,22,22_2,134,UAV_0,SAT_0,MASTER,SATELLITE,satellite,3133.0,3133.0062039660056,4161,,670700000.0,6420.0,True
903,S449,449,22,22_7,134,S_449,UAV_1,SENSOR,SLAVE,access,3059.0204112177694,3062.0634548309345,4354,50.0,1430804.3371982595,6480.0,True
904,S449,449,22,22_7,134,UAV_1,UAV_0,SLAVE,MASTER,relay,3062.0634548309345,3062.6116753178108,4354,34.117338768971194,7942060.0,6480.0,True
905,S449,449,22,22_7,134,UAV_0,SAT_0,MASTER,SATELLITE,satellite,3133.0,3133.0064917250634,4354,,670700000.0,6480.0,True
906,S287,287,22,22_4,134,S_287,UAV_2,SENSOR,SLAVE,access,3056.301615558355,3059.404066316012,4439,50.0,1430804.3371982595,6420.0,True
907,S287,287,22,22_4,134,UAV_2,UAV_0,SLAVE,MASTER,relay,3059.404066316012,3059.9629893158385,4439,132.67375081790692,7942060.0,6420.0,True
908,S287,287,22,22_4,134,UAV_0,SAT_0,MASTER,SATELLITE,satellite,3133.0,3133.006618458327,4439,,670700000.0,6420.0,True
909,S301,301,22,22_6,135,S_301,UAV_0,SENSOR,SLAVE,access,3090.720592618596,3093.5693399238926,4076,50.0,1430804.3371982595,6480.0,True
910,S301,301,22,22_6,135,UAV_0,UAV_3,SLAVE,MASTER,relay,3093.5693399238926,3094.082556897826,4076,107.17259347769468,7942060.0,6480.0,True
911,S301,301,22,22_6,135,UAV_3,SAT_0,MASTER,SATELLITE,satellite,3133.0,3133.006077232742,4076,,670700000.0,6480.0,True
912,S47,47,22,22_5,135,S_47,UAV_1,SENSOR,SLAVE,access,3082.273678297143,3085.4760728390634,4582,50.0,1430804.3371982595,6420.0,True
913,S47,47,22,22_5,135,UAV_1,UAV_3,SLAVE,MASTER,relay,3085.4760728390634,3086.053001243029,4582,236.01163908701983,7942060.0,6420.0,True
914,S47,47,22,22_5,135,UAV_3,SAT_0,MASTER,SATELLITE,satellite,3133.0,3133.006831668406,4582,,670700000.0,6420.0,True
915,S162,162,22,22_1,135,S_162,UAV_2,SENSOR,SLAVE,access,3081.209681888696,3084.086385497283,4116,50.0,1430804.3371982595,6420.0,True
916,S162,162,22,22_1,135,UAV_2,UAV_3,SLAVE,MASTER,relay,3084.086385497283,3084.6046389478993,4116,132.47554318230056,7942060.0,6420.0,True
917,S162,162,22,22_1,135,UAV_3,SAT_0,MASTER,SATELLITE,satellite,3133.0,3133.006136871925,4116,,670700000.0,6420.0,True
918,S237,237,22,22_3,135,S_237,UAV_3,SENSOR,MASTER,access,3070.697737755207,3073.7918016218773,4427,50.0,1430804.3371982595,6420.0,True
919,S237,237,22,22_3,135,UAV_3,SAT_0,MASTER,SATELLITE,satellite,3133.0,3133.006600566572,4427,,670700000.0,6420.0,True
920,S23,23,22,22_8,136,S_23,UAV_3,SENSOR,MASTER,access,3106.629368328556,3109.8080000126797,4548,50.0,1430804.3371982595,6480.0,True
921,S23,23,22,22_8,136,UAV_3,SAT_0,MASTER,SATELLITE,satellite,3133.0,3133.006780975101,4548,,670700000.0,6480.0,True
922,S450,450,8,8_6,137,S_450,UAV_0,SENSOR,MASTER,access,3141.6582929299425,3145.00186680348,4784,50.0,1430804.3371982595,6120.0,True
923,S450,450,8,8_6,137,UAV_0,SAT_0,MASTER,SATELLITE,satellite,3145.00186680348,3145.00899964976,4784,,670700000.0,6120.0,True
924,S87,87,8,8_5,137,S_87,UAV_1,SENSOR,SLAVE,access,3130.7144473997146,3133.9825392543676,4676,50.0,1430804.3371982595,6120.0,True
925,S87,87,8,8_5,137,UAV_1,UAV_0,SLAVE,MASTER,relay,3133.9825392543676,3134.571303378537,4676,181.13592632686394,7942060.0,6120.0,True
926,S87,87,8,8_5,137,UAV_0,SAT_0,MASTER,SATELLITE,satellite,3134.571303378537,3134.5782751990228,4676,,670700000.0,6120.0,True
927,S345,345,8,8_3,138,S_345,UAV_0,SENSOR,SLAVE,access,3183.9337428172716,3188.083157133156,5937,50.0,1430804.3371982595,6060.0,True
928,S345,345,8,8_3,138,UAV_0,UAV_2,SLAVE,MASTER,relay,3188.083157133156,3188.830696184737,5937,199.25387513363594,7942060.0,6060.0,True
929,S345,345,8,8_3,138,UAV_2,SAT_0,MASTER,SATELLITE,satellite,3188.830696184737,3188.8395481304656,5937,,670700000.0,6060.0,True
930,S313,313,8,8_7,138,S_313,UAV_1,SENSOR,SLAVE,access,3159.43791640461,3162.841596330222,4870,50.0,1430804.3371982595,6120.0,True
931,S313,313,8,8_7,138,UAV_1,UAV_2,SLAVE,MASTER,relay,3162.841596330222,3163.4547873663005,4870,137.13014809688394,7942060.0,6120.0,True
932,S313,313,8,8_7,138,UAV_2,SAT_0,MASTER,SATELLITE,satellite,3163.4547873663005,3163.462048436824,4870,,670700000.0,6120.0,True
933,S127,127,8,8_1,138,S_127,UAV_2,SENSOR,MASTER,access,3137.3846766295815,3140.6856171406007,4723,50.0,1430804.3371982595,6060.0,True
934,S127,127,8,8_1,138,UAV_2,SAT_0,MASTER,SATELLITE,satellite,3140.6856171406007,3140.6926590371268,4723,,670700000.0,6060.0,True
935,S131,131,8,8_4,138,S_131,UAV_3,SENSOR,SLAVE,access,3140.951329634999,3143.739271980639,3989,50.0,1430804.3371982595,6120.0,True
936,S131,131,8,8_4,138,UAV_3,UAV_2,SLAVE,MASTER,relay,3143.739271980639,3144.2415346177886,3989,68.38175928813064,7942060.0,6120.0,True
937,S131,131,8,8_4,138,UAV_2,SAT_0,MASTER,SATELLITE,satellite,3144.2415346177886,3144.2474821353076,3989,,670700000.0,6120.0,True
938,S355,355,8,8_2,139,S_355,UAV_2,SENSOR,MASTER,access,3151.9567842283914,3155.331110035548,4828,50.0,1430804.3371982595,6060.0,True
939,S355,355,8,8_2,139,UAV_2,SAT_0,MASTER,SATELLITE,satellite,3155.331110035548,3155.3383084849293,4828,,670700000.0,6060.0,True
940,S372,372,35,35_9,140,S_372,UAV_0,SENSOR,MASTER,access,3205.1834100890214,3208.1251121027585,4209,50.0,1430804.3371982595,5880.0,True
941,S372,372,35,35_9,140,UAV_0,SAT_0,MASTER,SATELLITE,satellite,3208.1251121027585,3208.1313876357835,4209,,670700000.0,5880.0,True
942,S111,111,35,35_5,140,S_111,UAV_1,SENSOR,SLAVE,access,3208.8107635075003,3211.52462164942,3883,50.0,1430804.3371982595,5400.0,True
943,S111,111,35,35_5,140,UAV_1,UAV_0,SLAVE,MASTER,relay,3211.52462164942,3212.0135376233616,3883,57.898175155390405,7942060.0,5400.0,True
944,S111,111,35,35_5,140,UAV_0,SAT_0,MASTER,SATELLITE,satellite,3212.0135376233616,3212.019327097046,3883,,670700000.0,5400.0,True
945,S279,279,35,35_1,140,S_279,UAV_2,SENSOR,SLAVE,access,3208.637731385505,3211.506747010687,4105,50.0,1430804.3371982595,5280.0,True
946,S279,279,35,35_1,140,UAV_2,UAV_0,SLAVE,MASTER,relay,3211.506747010687,3212.023615430215,4105,55.44777995401468,7942060.0,5280.0,True
947,S279,279,35,35_1,140,UAV_0,SAT_0,MASTER,SATELLITE,satellite,3212.023615430215,3212.029735901365,4105,,670700000.0,5280.0,True
948,S291,291,35,35_6,140,S_291,UAV_3,SENSOR,SLAVE,access,3208.9955693176203,3212.1182883951633,4468,50.0,1430804.3371982595,5460.0,True
949,S291,291,35,35_6,140,UAV_3,UAV_0,SLAVE,MASTER,relay,3212.1182883951633,3212.6808628405843,4468,64.74207079312939,7942060.0,5460.0,True
950,S291,291,35,35_6,140,UAV_0,SAT_0,MASTER,SATELLITE,satellite,3212.6808628405843,3212.687524537319,4468,,670700000.0,5460.0,True
951,S251,251,35,35_8,141,S_251,UAV_0,SENSOR,SLAVE,access,3227.649980871887,3230.577704733979,4189,50.0,1430804.3371982595,5520.0,True
952,S251,251,35,35_8,141,UAV_0,UAV_3,SLAVE,MASTER,relay,3230.577704733979,3231.1051497545404,4189,219.00250743014257,7942060.0,5520.0,True
953,S251,251,35,35_8,141,UAV_3,SAT_0,MASTER,SATELLITE,satellite,3231.1051497545404,3231.111395467974,4189,,670700000.0,5520.0,True
954,S103,103,35,35_3,141,S_103,UAV_1,SENSOR,SLAVE,access,3213.354139827536,3217.060446736267,5303,50.0,1430804.3371982595,5280.0,True
955,S103,103,35,35_3,141,UAV_1,UAV_3,SLAVE,MASTER,relay,3217.060446736267,3217.728157632432,5303,61.96782698549039,7942060.0,5280.0,True
956,S103,103,35,35_3,141,UAV_3,SAT_0,MASTER,SATELLITE,satellite,3217.728157632432,3217.7360642971107,5303,,670700000.0,5280.0,True
957,S116,116,35,35_2,141,S_116,UAV_3,SENSOR,MASTER,access,3215.3361619630555,3218.5469433959634,4594,50.0,1430804.3371982595,5280.0,True
958,S116,116,35,35_2,141,UAV_3,SAT_0,MASTER,SATELLITE,satellite,3218.5469433959634,3218.553792956124,4594,,670700000.0,5280.0,True
959,S483,483,35,35_7,142,S_483,UAV_2,SENSOR,MASTER,access,3329.069799611421,3329.9175745087036,1213,50.0,1430804.3371982595,5520.0,True
960,S483,483,35,35_7,142,UAV_2,SAT_0,MASTER,SATELLITE,satellite,3584.0,3584.001810988355,1213,,669800000.0,5520.0,True
961,S233,233,35,35_4,143,S_233,UAV_3,SENSOR,MASTER,access,3238.8768143476946,3241.6724446767394,4000,50.0,1430804.3371982595,5340.0,True
962,S233,233,35,35_4,143,UAV_3,SAT_0,MASTER,SATELLITE,satellite,3241.6724446767394,3241.6784085950335,4000,,670700000.0,5340.0,True
963,S285,285,17,17_1,144,S_285,UAV_0,SENSOR,MASTER,access,3370.812262746211,3373.7350942552275,4182,50.0,1430804.3371982595,7260.0,True
964,S285,285,17,17_1,144,UAV_0,SAT_0,MASTER,SATELLITE,satellite,3584.0,3584.0062436548224,4182,,669800000.0,7260.0,True
965,S392,392,18,18_5,145,S_392,UAV_0,SENSOR,SLAVE,access,3392.274187929925,3393.0076522849336,961,59.18438924663875,1310220.4537112936,4020.0,True
966,S392,392,18,18_5,145,UAV_0,UAV_3,SLAVE,MASTER,relay,3393.0076522849336,3393.1286536372277,961,72.50400362589546,7942060.0,4020.0,True
967,S392,392,18,18_5,145,UAV_3,SAT_0,MASTER,SATELLITE,satellite,3584.0,3584.001434756644,961,,669800000.0,4020.0,True
968,S383,383,18,18_5,145,S_383,UAV_0,SENSOR,SLAVE,access,3393.128653637227,3394.114833016748,1190,68.44736738239112,1206677.025206595,1680.0,False
969,S383,383,18,18_5,145,UAV_0,UAV_3,SLAVE,MASTER,relay,3394.114833016748,3394.2646681980486,1190,72.50400362589546,7942060.0,1680.0,False
970,S383,383,18,18_5,145,UAV_3,SAT_0,MASTER,SATELLITE,satellite,3584.0,3584.0017766497463,1190,,669800000.0,1680.0,False
971,S396,396,18,18_5,145,S_396,UAV_0,SENSOR,SLAVE,access,3394.264668198048,3395.254408012159,1275,61.03835196640157,1288217.3494712869,1860.0,False
972,S396,396,18,18_5,145,UAV_0,UAV_3,SLAVE,MASTER,relay,3395.254408012159,3395.4149457064095,1275,72.50400362589546,7942060.0,1860.0,False
973,S396,396,18,18_5,145,UAV_3,SAT_0,MASTER,SATELLITE,satellite,3584.0,3584.0019035532996,1275,,669800000.0,1860.0,False
974,S71,71,18,18_5,145,S_71,UAV_0,SENSOR,SLAVE,access,3395.4149457064095,3396.6364209700264,1610,58.536398142835175,1318078.2681041348,1440.0,False
975,S71,71,18,18_5,145,UAV_0,UAV_3,SLAVE,MASTER,relay,3396.6364209700264,3396.839139156492,1610,72.50400362589546,7942060.0,1440.0,False
976,S71,71,18,18_5,145,UAV_3,SAT_0,MASTER,SATELLITE,satellite,3584.0,3584.002403702598,1610,,669800000.0,1440.0,False
977,S262,262,18,18_4,146,S_262,UAV_1,SENSOR,SLAVE,access,3387.6817319615,3388.8756531153003,1535,61.2559925950635,1285679.5401556508,1800.0,False
978,S262,262,18,18_4,146,UAV_1,UAV_3,SLAVE,MASTER,relay,3388.8756531153003,3389.0689279079866,1535,82.19732294722928,7942060.0,1800.0,False
979,S262,262,18,18_4,146,UAV_3,SAT_0,MASTER,SATELLITE,satellite,3584.0,3584.0022917288743,1535,,669800000.0,1800.0,False
980,S209,209,18,18_4,146,S_209,UAV_1,SENSOR,SLAVE,access,3389.0689279079866,3390.336739947527,1630,61.25599259506333,1285679.540155653,1380.0,False
981,S209,209,18,18_4,146,UAV_1,UAV_3,SLAVE,MASTER,relay,3390.336739947527,3390.5419763723335,1630,82.19732294722928,7942060.0,1380.0,False
982,S209,209,18,18_4,146,UAV_3,SAT_0,MASTER,SATELLITE,satellite,3584.0,3584.0024335622575,1630,,669800000.0,1380.0,False
983,S10,10,18,18_6,147,S_10,UAV_2,SENSOR,SLAVE,access,3386.809519945084,3387.9500089742933,1520,57.34497676046917,1332761.6145976044,1500.0,False
984,S10,10,18,18_6,147,UAV_2,UAV_1,SLAVE,MASTER,relay,3387.9500089742933,3388.1413950882234,1520,92.3963427985959,7942060.0,1500.0,False
985,S10,10,18,18_6,147,UAV_1,SAT_0,MASTER,SATELLITE,satellite,3584.0,3584.00226933413,1520,,669800000.0,1500.0,False
986,S164,164,18,18_6,147,S_164,UAV_2,SENSOR,SLAVE,access,3388.141395088224,3389.285635726082,1525,57.34497676046897,1332761.6145976067,1620.0,False
987,S164,164,18,18_6,147,UAV_2,UAV_1,SLAVE,MASTER,relay,3389.285635726082,3389.4776513995976,1525,92.3963427985959,7942060.0,1620.0,False
988,S164,164,18,18_6,147,UAV_1,SAT_0,MASTER,SATELLITE,satellite,3584.0,3584.0022767990445,1525,,669800000.0,1620.0,False
989,S141,141,18,18_2,148,S_141,UAV_3,SENSOR,MASTER,access,3391.932589863714,3392.2260920425206,396,56.03875550393209,1349223.3741172361,1080.0,False
990,S141,141,18,18_2,148,UAV_3,SAT_0,MASTER,SATELLITE,satellite,3584.0,3584.00059122126,396,,669800000.0,1080.0,False
991,S3,3,18,18_2,148,S_3,UAV_3,SENSOR,MASTER,access,3392.2260920425206,3393.287117181988,1285,68.02322742815775,1211092.8876245392,1920.0,False
992,S3,3,18,18_2,148,UAV_3,SAT_0,MASTER,SATELLITE,satellite,3584.0,3584.0019184831294,1285,,669800000.0,1920.0,False
993,S295,295,18,18_2,148,S_295,UAV_3,SENSOR,MASTER,access,3393.287117181988,3394.5423841189727,1540,66.53366159116926,1226830.6880600168,1440.0,False
994,S295,295,18,18_2,148,UAV_3,SAT_0,MASTER,SATELLITE,satellite,3584.0,3584.002299193789,1540,,669800000.0,1440.0,False
995,S135,135,18,18_3,149,S_135,UAV_2,SENSOR,SLAVE,access,3392.8887649601756,3393.6268738648255,1025,53.03006590479501,1388683.964578756,1740.0,False
996,S135,135,18,18_3,149,UAV_2,UAV_0,SLAVE,MASTER,relay,3393.6268738648255,3393.7559335798114,1025,93.08349630309216,7942060.0,1740.0,False
997,S135,135,18,18_3,149,UAV_0,SAT_0,MASTER,SATELLITE,satellite,3584.0,3584.0015303075543,1025,,669800000.0,1740.0,False
998,S424,424,18,18_3,149,S_424,UAV_2,SENSOR,SLAVE,access,3393.7559335798114,3394.9117041085556,1605,53.030065904794846,1388683.9645787578,1200.0,False
999,S424,424,18,18_3,149,UAV_2,UAV_0,SLAVE,MASTER,relay,3394.9117041085556,3395.1137927354357,1605,93.08349630309216,7942060.0,1200.0,False
1000,S424,424,18,18_3,149,UAV_0,SAT_0,MASTER,SATELLITE,satellite,3584.0,3584.002396237683,1605,,669800000.0,1200.0,False
1001,S400,400,18,18_9,150,S_400,UAV_1,SENSOR,SLAVE,access,3393.012685926417,3394.0933116826886,1530,51.05531962436096,1415846.319709004,1680.0,False
1002,S400,400,18,18_9,150,UAV_1,UAV_0,SLAVE,MASTER,relay,3394.0933116826886,3394.2859569157895,1530,19.339256592257588,7942060.0,1680.0,False
1003,S400,400,18,18_9,150,UAV_0,SAT_0,MASTER,SATELLITE,satellite,3584.0,3584.0022842639596,1530,,669800000.0,1680.0,False
1004,S57,57,18,18_9,150,S_57,UAV_1,SENSOR,SLAVE,access,3394.2859569157895,3395.4937151139757,1710,51.05531962436097,1415846.3197090034,1800.0,False
1005,S57,57,18,18_9,150,UAV_1,UAV_0,SLAVE,MASTER,relay,3395.4937151139757,3395.709024492147,1710,19.339256592257588,7942060.0,1800.0,False
1006,S57,57,18,18_9,150,UAV_0,SAT_0,MASTER,SATELLITE,satellite,3584.0,3584.0025530008957,1710,,669800000.0,1800.0,False
1007,S302,302,18,18_1,151,S_302,UAV_1,SENSOR,MASTER,access,3396.998308264964,3397.967834563024,1125,73.06538858616578,1160360.4793921392,1080.0,False
1008,S302,302,18,18_1,151,UAV_1,SAT_0,MASTER,SATELLITE,satellite,3584.0,3584.0016796058526,1125,,669800000.0,1080.0,False
1009,S493,493,18,18_1,151,S_493,UAV_1,SENSOR,MASTER,access,3397.967834563024,3398.966959240453,1205,68.50726626287673,1206055.687765761,1380.0,False
1010,S493,493,18,18_1,151,UAV_1,SAT_0,MASTER,SATELLITE,satellite,3584.0,3584.001799044491,1205,,669800000.0,1380.0,False
1011,S8,8,18,18_1,151,S_8,UAV_1,SENSOR,MASTER,access,3398.966959240453,3400.040259152139,1300,68.01126567563932,1211217.8393439432,2220.0,False
1012,S8,8,18,18_1,151,UAV_1,SAT_0,MASTER,SATELLITE,satellite,3584.0,3584.001940877874,1300,,669800000.0,2220.0,False
1013,S498,498,18,18_7,152,S_498,UAV_2,SENSOR,MASTER,access,3482.942537989337,3484.016467209646,1345,64.18421684522043,1252410.284182917,1740.0,False
1014,S498,498,18,18_7,152,UAV_2,SAT_0,MASTER,SATELLITE,satellite,3584.0,3584.002008062108,1345,,669800000.0,1740.0,False
1015,S256,256,18,18_7,152,S_256,UAV_2,SENSOR,MASTER,access,3484.016467209646,3485.125861874103,1405,62.930718960201446,1266456.4244030036,1560.0,False
1016,S256,256,18,18_7,152,UAV_2,SAT_0,MASTER,SATELLITE,satellite,3584.0,3584.002097641087,1405,,669800000.0,1560.0,False
1017,S78,78,18,18_7,152,S_78,UAV_2,SENSOR,MASTER,access,3485.125861874103,3486.345622091646,1515,65.1255211456469,1242047.3944065922,1560.0,False
1018,S78,78,18,18_7,152,UAV_2,SAT_0,MASTER,SATELLITE,satellite,3584.0,3584.0022618692146,1515,,669800000.0,1560.0,False
1019,S126,126,18,18_7,152,S_126,UAV_2,SENSOR,MASTER,access,3486.345622091646,3487.6490137887745,1600,66.46484928300929,1227566.5124497355,1740.0,False
1020,S126,126,18,18_7,152,UAV_2,SAT_0,MASTER,SATELLITE,satellite,3584.0,3584.002388772768,1600,,669800000.0,1740.0,False
1021,S427,427,18,18_8,153,S_427,UAV_3,SENSOR,MASTER,access,3398.337623280607,3399.4121619996695,1525,50.81578734984867,1419213.633670237,1680.0,False
1022,S427,427,18,18_8,153,UAV_3,SAT_0,MASTER,SATELLITE,satellite,3584.0,3584.0022767990445,1525,,669800000.0,1680.0,False
1023,S21,21,18,18_8,153,S_21,UAV_3,SENSOR,MASTER,access,3399.4121619996695,3400.5994392072894,1685,50.81578734984864,1419213.6336702371,1800.0,False
1024,S21,21,18,18_8,153,UAV_3,SAT_0,MASTER,SATELLITE,satellite,3584.0,3584.0025156763213,1685,,669800000.0,1800.0,False
