timeSec,event,taskId,type,src,dstMaster,bytesArrived,masterBufferBytes,masterArrivedBytes,totalMasterArrivedBytes
123.999,SLAVE_TO_MASTER_RX,2,SLAVE_TO_MASTER,UAV_0,UAV_1,362,362,362,362
125.276,SLAVE_TO_MASTER_RX,4,SLAVE_TO_MASTER,UAV_0,UAV_1,1024,1386,1386,1386
125.28,SLAVE_TO_MASTER_RX,4,SLAVE_TO_MASTER,UAV_0,UAV_1,526,1912,1912,1912
126.805,SLAVE_TO_MASTER_RX,6,SLAVE_TO_MASTER,UAV_0,UAV_1,1024,2936,2936,2936
126.81,SLAVE_TO_MASTER_RX,6,SLAVE_TO_MASTER,UAV_0,UAV_1,476,3412,3412,3412
129.996,SENSOR_TO_MASTER_RX,8,SENSOR_TO_UAV,Sensor_494,UAV_0,1024,1024,1024,4436
129.998,SENSOR_TO_MASTER_RX,8,SENSOR_TO_UAV,Sensor_494,UAV_0,271,1295,1295,4707
130.332,SLAVE_TO_MASTER_RX,9,SLAVE_TO_MASTER,UAV_3,UAV_1,1024,4436,4436,5731
130.333,SLAVE_TO_MASTER_RX,9,SLAVE_TO_MASTER,UAV_3,UAV_1,126,4562,4562,5857
131.016,SENSOR_TO_MASTER_RX,11,SENSOR_TO_UAV,Sensor_193,UAV_0,1024,2319,2319,6881
131.018,SENSOR_TO_MASTER_RX,11,SENSOR_TO_UAV,Sensor_193,UAV_0,456,2775,2775,7337
131.332,SLAVE_TO_MASTER_RX,12,SLAVE_TO_MASTER,UAV_3,UAV_1,1024,5586,5586,8361
131.336,SLAVE_TO_MASTER_RX,12,SLAVE_TO_MASTER,UAV_3,UAV_1,176,5762,5762,8537
131.555,SENSOR_TO_MASTER_RX,14,SENSOR_TO_UAV,Sensor_41,UAV_1,1024,6786,6786,9561
131.556,SENSOR_TO_MASTER_RX,14,SENSOR_TO_UAV,Sensor_41,UAV_1,226,7012,7012,9787
132.18,SLAVE_TO_MASTER_RX,17,SLAVE_TO_MASTER,UAV_2,UAV_1,383,7395,7395,10170
132.184,SENSOR_TO_MASTER_RX,16,SENSOR_TO_UAV,Sensor_255,UAV_0,1024,3799,3799,11194
132.186,SENSOR_TO_MASTER_RX,16,SENSOR_TO_UAV,Sensor_255,UAV_0,471,4270,4270,11665
132.487,SENSOR_TO_MASTER_RX,19,SENSOR_TO_UAV,Sensor_180,UAV_1,1024,8419,8419,12689
132.489,SENSOR_TO_MASTER_RX,19,SENSOR_TO_UAV,Sensor_180,UAV_1,286,8705,8705,12975
132.628,SLAVE_TO_MASTER_RX,20,SLAVE_TO_MASTER,UAV_3,UAV_1,1024,9729,9729,13999
132.632,SLAVE_TO_MASTER_RX,20,SLAVE_TO_MASTER,UAV_3,UAV_1,541,10270,10270,14540
132.917,SLAVE_TO_MASTER_RX,21,SLAVE_TO_MASTER,UAV_2,UAV_1,972,11242,11242,15512
133.424,SENSOR_TO_MASTER_RX,23,SENSOR_TO_UAV,Sensor_478,UAV_1,1024,12266,12266,16536
133.425,SENSOR_TO_MASTER_RX,23,SENSOR_TO_UAV,Sensor_478,UAV_1,481,12747,12747,17017
134.117,SLAVE_TO_MASTER_RX,24,SLAVE_TO_MASTER,UAV_2,UAV_1,1024,13771,13771,18041
134.121,SLAVE_TO_MASTER_RX,24,SLAVE_TO_MASTER,UAV_2,UAV_1,451,14222,14222,18492
134.541,SENSOR_TO_MASTER_RX,26,SENSOR_TO_UAV,Sensor_442,UAV_1,1024,15246,15246,19516
134.544,SENSOR_TO_MASTER_RX,26,SENSOR_TO_UAV,Sensor_442,UAV_1,651,15897,15897,20167
135.482,SLAVE_TO_MASTER_RX,27,SLAVE_TO_MASTER,UAV_2,UAV_1,1024,16921,16921,21191
135.486,SLAVE_TO_MASTER_RX,27,SLAVE_TO_MASTER,UAV_2,UAV_1,546,17467,17467,21737
144.48,SLAVE_TO_MASTER_RX,29,SLAVE_TO_MASTER,UAV_1,UAV_0,1024,5294,5294,22761
144.482,SLAVE_TO_MASTER_RX,29,SLAVE_TO_MASTER,UAV_1,UAV_0,371,5665,5665,23132
146.014,SLAVE_TO_MASTER_RX,31,SLAVE_TO_MASTER,UAV_1,UAV_0,1024,6689,6689,24156
146.018,SLAVE_TO_MASTER_RX,31,SLAVE_TO_MASTER,UAV_1,UAV_0,451,7140,7140,24607
147.845,SLAVE_TO_MASTER_RX,33,SLAVE_TO_MASTER,UAV_1,UAV_0,1024,8164,8164,25631
147.85,SLAVE_TO_MASTER_RX,33,SLAVE_TO_MASTER,UAV_1,UAV_0,671,8835,8835,26302
206.233,SENSOR_TO_MASTER_RX,34,SENSOR_TO_UAV,Sensor_429,UAV_2,1024,1024,1024,27326
206.234,SENSOR_TO_MASTER_RX,34,SENSOR_TO_UAV,Sensor_429,UAV_2,82,1106,1106,27408
249.05,SENSOR_TO_MASTER_RX,35,SENSOR_TO_UAV,Sensor_159,UAV_3,369,369,369,27777
249.405,SENSOR_TO_MASTER_RX,36,SENSOR_TO_UAV,Sensor_211,UAV_3,1024,1393,1393,28801
249.407,SENSOR_TO_MASTER_RX,36,SENSOR_TO_UAV,Sensor_211,UAV_3,56,1449,1449,28857
250.299,SENSOR_TO_MASTER_RX,37,SENSOR_TO_UAV,Sensor_339,UAV_3,1024,2473,2473,29881
250.301,SENSOR_TO_MASTER_RX,37,SENSOR_TO_UAV,Sensor_339,UAV_3,106,2579,2579,29987
251.297,SENSOR_TO_MASTER_RX,38,SENSOR_TO_UAV,Sensor_482,UAV_3,1024,3603,3603,31011
251.3,SENSOR_TO_MASTER_RX,38,SENSOR_TO_UAV,Sensor_482,UAV_3,561,4164,4164,31572
252.595,SENSOR_TO_MASTER_RX,39,SENSOR_TO_UAV,Sensor_43,UAV_3,1024,5188,5188,32596
252.598,SENSOR_TO_MASTER_RX,39,SENSOR_TO_UAV,Sensor_43,UAV_3,496,5684,5684,33092
266.716,SLAVE_TO_MASTER_RX,41,SLAVE_TO_MASTER,UAV_0,UAV_1,1024,18491,18491,34116
266.719,SLAVE_TO_MASTER_RX,41,SLAVE_TO_MASTER,UAV_0,UAV_1,194,18685,18685,34310
272.278,SENSOR_TO_MASTER_RX,42,SENSOR_TO_UAV,Sensor_98,UAV_1,1013,19698,19698,35323
273.05,SENSOR_TO_MASTER_RX,43,SENSOR_TO_UAV,Sensor_382,UAV_1,1024,20722,20722,36347
273.051,SENSOR_TO_MASTER_RX,43,SENSOR_TO_UAV,Sensor_382,UAV_1,371,21093,21093,36718
280.064,SLAVE_TO_MASTER_RX,45,SLAVE_TO_MASTER,UAV_2,UAV_1,1024,22117,22117,37742
280.065,SLAVE_TO_MASTER_RX,45,SLAVE_TO_MASTER,UAV_2,UAV_1,411,22528,22528,38153
281.308,SLAVE_TO_MASTER_RX,47,SLAVE_TO_MASTER,UAV_2,UAV_1,1024,23552,23552,39177
281.312,SLAVE_TO_MASTER_RX,47,SLAVE_TO_MASTER,UAV_2,UAV_1,466,24018,24018,39643
282.529,SLAVE_TO_MASTER_RX,49,SLAVE_TO_MASTER,UAV_3,UAV_1,412,24430,24430,40055
283.592,SLAVE_TO_MASTER_RX,51,SLAVE_TO_MASTER,UAV_3,UAV_1,1024,25454,25454,41079
283.596,SLAVE_TO_MASTER_RX,51,SLAVE_TO_MASTER,UAV_3,UAV_1,301,25755,25755,41380
285.039,SLAVE_TO_MASTER_RX,53,SLAVE_TO_MASTER,UAV_3,UAV_1,1024,26779,26779,42404
285.043,SLAVE_TO_MASTER_RX,53,SLAVE_TO_MASTER,UAV_3,UAV_1,721,27500,27500,43125
291.683,SLAVE_TO_MASTER_RX,55,SLAVE_TO_MASTER,UAV_0,UAV_1,1024,28524,28524,44149
291.685,SLAVE_TO_MASTER_RX,55,SLAVE_TO_MASTER,UAV_0,UAV_1,317,28841,28841,44466
301.159,SENSOR_TO_MASTER_RX,56,SENSOR_TO_UAV,Sensor_369,UAV_1,890,29731,29731,45356
318.516,SLAVE_TO_MASTER_RX,58,SLAVE_TO_MASTER,UAV_2,UAV_1,1024,30755,30755,46380
318.52,SLAVE_TO_MASTER_RX,58,SLAVE_TO_MASTER,UAV_2,UAV_1,94,30849,30849,46474
342.675,SENSOR_TO_MASTER_RX,59,SENSOR_TO_UAV,Sensor_296,UAV_3,1010,6694,6694,47484
355.24,SENSOR_TO_MASTER_RX,60,SENSOR_TO_UAV,Sensor_95,UAV_1,782,31631,31631,48266
359.155,SLAVE_TO_MASTER_RX,62,SLAVE_TO_MASTER,UAV_0,UAV_3,851,7545,7545,49117
371.904,SENSOR_TO_MASTER_RX,63,SENSOR_TO_UAV,Sensor_444,UAV_3,998,8543,8543,50115
392.061,SENSOR_TO_MASTER_RX,64,SENSOR_TO_UAV,Sensor_172,UAV_1,999,32630,32630,51114
394.046,SENSOR_TO_MASTER_RX,65,SENSOR_TO_UAV,Sensor_56,UAV_2,1024,2130,2130,52138
394.048,SENSOR_TO_MASTER_RX,65,SENSOR_TO_UAV,Sensor_56,UAV_2,175,2305,2305,52313
581.15,SENSOR_TO_MASTER_RX,67,SENSOR_TO_UAV,Sensor_288,UAV_0,1024,9859,9859,53337
581.152,SENSOR_TO_MASTER_RX,67,SENSOR_TO_UAV,Sensor_288,UAV_0,136,9995,9995,53473
581.985,SLAVE_TO_MASTER_RX,69,SLAVE_TO_MASTER,UAV_3,UAV_0,985,10980,10980,54458
582.066,SLAVE_TO_MASTER_RX,70,SLAVE_TO_MASTER,UAV_1,UAV_0,1024,12004,12004,55482
582.067,SLAVE_TO_MASTER_RX,70,SLAVE_TO_MASTER,UAV_1,UAV_0,476,12480,12480,55958
582.076,SENSOR_TO_MASTER_RX,71,SENSOR_TO_UAV,Sensor_270,UAV_0,1024,13504,13504,56982
582.078,SENSOR_TO_MASTER_RX,71,SENSOR_TO_UAV,Sensor_270,UAV_0,411,13915,13915,57393
583.286,SENSOR_TO_MASTER_RX,74,SENSOR_TO_UAV,Sensor_66,UAV_0,1024,14939,14939,58417
583.288,SENSOR_TO_MASTER_RX,74,SENSOR_TO_UAV,Sensor_66,UAV_0,706,15645,15645,59123
583.484,SLAVE_TO_MASTER_RX,75,SLAVE_TO_MASTER,UAV_1,UAV_0,1024,16669,16669,60147
583.488,SLAVE_TO_MASTER_RX,75,SLAVE_TO_MASTER,UAV_1,UAV_0,716,17385,17385,60863
583.522,SLAVE_TO_MASTER_RX,76,SLAVE_TO_MASTER,UAV_3,UAV_0,1024,18409,18409,61887
583.526,SLAVE_TO_MASTER_RX,76,SLAVE_TO_MASTER,UAV_3,UAV_0,491,18900,18900,62378
585.362,SLAVE_TO_MASTER_RX,78,SLAVE_TO_MASTER,UAV_3,UAV_0,1024,19924,19924,63402
585.366,SLAVE_TO_MASTER_RX,78,SLAVE_TO_MASTER,UAV_3,UAV_0,746,20670,20670,64148
586.433,SLAVE_TO_MASTER_RX,80,SLAVE_TO_MASTER,UAV_2,UAV_0,400,21070,21070,64548
587.384,SLAVE_TO_MASTER_RX,82,SLAVE_TO_MASTER,UAV_2,UAV_0,1024,22094,22094,65572
587.388,SLAVE_TO_MASTER_RX,82,SLAVE_TO_MASTER,UAV_2,UAV_0,221,22315,22315,65793
588.776,SLAVE_TO_MASTER_RX,84,SLAVE_TO_MASTER,UAV_2,UAV_0,1024,23339,23339,66817
588.781,SLAVE_TO_MASTER_RX,84,SLAVE_TO_MASTER,UAV_2,UAV_0,686,24025,24025,67503
648.208,SLAVE_TO_MASTER_RX,86,SLAVE_TO_MASTER,UAV_1,UAV_0,368,24393,24393,67871
649.371,SLAVE_TO_MASTER_RX,88,SLAVE_TO_MASTER,UAV_1,UAV_0,1024,25417,25417,68895
649.376,SLAVE_TO_MASTER_RX,88,SLAVE_TO_MASTER,UAV_1,UAV_0,391,25808,25808,69286
650.898,SLAVE_TO_MASTER_RX,90,SLAVE_TO_MASTER,UAV_1,UAV_0,1024,26832,26832,70310
650.903,SLAVE_TO_MASTER_RX,90,SLAVE_TO_MASTER,UAV_1,UAV_0,701,27533,27533,71011
657.133,SENSOR_TO_MASTER_RX,91,SENSOR_TO_UAV,Sensor_277,UAV_0,1024,28557,28557,72035
657.135,SENSOR_TO_MASTER_RX,91,SENSOR_TO_UAV,Sensor_277,UAV_0,546,29103,29103,72581
658.289,SENSOR_TO_MASTER_RX,92,SENSOR_TO_UAV,Sensor_423,UAV_0,1024,30127,30127,73605
658.292,SENSOR_TO_MASTER_RX,92,SENSOR_TO_UAV,Sensor_423,UAV_0,621,30748,30748,74226
659.885,SENSOR_TO_MASTER_RX,93,SENSOR_TO_UAV,Sensor_223,UAV_1,1024,33654,33654,75250
659.887,SENSOR_TO_MASTER_RX,93,SENSOR_TO_UAV,Sensor_223,UAV_1,521,34175,34175,75771
660.966,SENSOR_TO_MASTER_RX,94,SENSOR_TO_UAV,Sensor_218,UAV_1,1024,35199,35199,76795
660.968,SENSOR_TO_MASTER_RX,94,SENSOR_TO_UAV,Sensor_218,UAV_1,686,35885,35885,77481
664.179,SLAVE_TO_MASTER_RX,96,SLAVE_TO_MASTER,UAV_2,UAV_0,1024,31772,31772,78505
664.184,SLAVE_TO_MASTER_RX,96,SLAVE_TO_MASTER,UAV_2,UAV_0,591,32363,32363,79096
665.502,SLAVE_TO_MASTER_RX,99,SLAVE_TO_MASTER,UAV_3,UAV_0,1024,33387,33387,80120
665.506,SLAVE_TO_MASTER_RX,99,SLAVE_TO_MASTER,UAV_3,UAV_0,226,33613,33613,80346
665.657,SLAVE_TO_MASTER_RX,100,SLAVE_TO_MASTER,UAV_2,UAV_0,1024,34637,34637,81370
665.662,SLAVE_TO_MASTER_RX,100,SLAVE_TO_MASTER,UAV_2,UAV_0,526,35163,35163,81896
666.679,SLAVE_TO_MASTER_RX,103,SLAVE_TO_MASTER,UAV_3,UAV_0,1024,36187,36187,82920
666.683,SLAVE_TO_MASTER_RX,103,SLAVE_TO_MASTER,UAV_3,UAV_0,411,36598,36598,83331
667.205,SLAVE_TO_MASTER_RX,104,SLAVE_TO_MASTER,UAV_2,UAV_0,1024,37622,37622,84355
667.209,SLAVE_TO_MASTER_RX,104,SLAVE_TO_MASTER,UAV_2,UAV_0,621,38243,38243,84976
938.109,SLAVE_TO_MASTER_RX,107,SLAVE_TO_MASTER,UAV_0,UAV_2,362,2667,2667,85338
938.433,SLAVE_TO_MASTER_RX,109,SLAVE_TO_MASTER,UAV_1,UAV_2,435,3102,3102,85773
939.253,SLAVE_TO_MASTER_RX,111,SLAVE_TO_MASTER,UAV_0,UAV_2,1024,4126,4126,86797
939.257,SLAVE_TO_MASTER_RX,111,SLAVE_TO_MASTER,UAV_0,UAV_2,376,4502,4502,87173
939.449,SLAVE_TO_MASTER_RX,113,SLAVE_TO_MASTER,UAV_1,UAV_2,1024,5526,5526,88197
939.453,SLAVE_TO_MASTER_RX,113,SLAVE_TO_MASTER,UAV_1,UAV_2,106,5632,5632,88303
939.844,SENSOR_TO_MASTER_RX,115,SENSOR_TO_UAV,Sensor_125,UAV_2,455,6087,6087,88758
940.206,SENSOR_TO_MASTER_RX,116,SENSOR_TO_UAV,Sensor_438,UAV_2,1024,7111,7111,89782
940.207,SENSOR_TO_MASTER_RX,116,SENSOR_TO_UAV,Sensor_438,UAV_2,391,7502,7502,90173
940.598,SLAVE_TO_MASTER_RX,117,SLAVE_TO_MASTER,UAV_0,UAV_2,1024,8526,8526,91197
940.602,SLAVE_TO_MASTER_RX,117,SLAVE_TO_MASTER,UAV_0,UAV_2,316,8842,8842,91513
940.701,SLAVE_TO_MASTER_RX,118,SLAVE_TO_MASTER,UAV_1,UAV_2,1024,9866,9866,92537
940.706,SLAVE_TO_MASTER_RX,118,SLAVE_TO_MASTER,UAV_1,UAV_2,496,10362,10362,93033
941.367,SENSOR_TO_MASTER_RX,120,SENSOR_TO_UAV,Sensor_235,UAV_2,1024,11386,11386,94057
941.368,SENSOR_TO_MASTER_RX,120,SENSOR_TO_UAV,Sensor_235,UAV_2,686,12072,12072,94743
942.315,SLAVE_TO_MASTER_RX,121,SLAVE_TO_MASTER,UAV_0,UAV_2,1024,13096,13096,95767
942.319,SLAVE_TO_MASTER_RX,121,SLAVE_TO_MASTER,UAV_0,UAV_2,511,13607,13607,96278
945.549,SLAVE_TO_MASTER_RX,123,SLAVE_TO_MASTER,UAV_3,UAV_2,388,13995,13995,96666
946.511,SLAVE_TO_MASTER_RX,126,SLAVE_TO_MASTER,UAV_2,UAV_3,1024,9567,9567,97690
946.513,SLAVE_TO_MASTER_RX,126,SLAVE_TO_MASTER,UAV_2,UAV_3,161,9728,9728,97851
946.659,SLAVE_TO_MASTER_RX,129,SLAVE_TO_MASTER,UAV_3,UAV_2,1024,15019,15019,98875
946.66,SENSOR_TO_MASTER_RX,128,SENSOR_TO_UAV,Sensor_132,UAV_2,1024,16043,16043,99899
946.662,SENSOR_TO_MASTER_RX,128,SENSOR_TO_UAV,Sensor_132,UAV_2,196,16239,16239,100095
946.663,SLAVE_TO_MASTER_RX,129,SLAVE_TO_MASTER,UAV_3,UAV_2,471,16710,16710,100566
947.51,SLAVE_TO_MASTER_RX,131,SLAVE_TO_MASTER,UAV_1,UAV_3,1024,10752,10752,101590
947.513,SLAVE_TO_MASTER_RX,131,SLAVE_TO_MASTER,UAV_1,UAV_3,221,10973,10973,101811
947.534,SLAVE_TO_MASTER_RX,132,SLAVE_TO_MASTER,UAV_2,UAV_3,1024,11997,11997,102835
947.538,SLAVE_TO_MASTER_RX,132,SLAVE_TO_MASTER,UAV_2,UAV_3,196,12193,12193,103031
948.179,SLAVE_TO_MASTER_RX,134,SLAVE_TO_MASTER,UAV_3,UAV_2,1024,17734,17734,104055
948.183,SLAVE_TO_MASTER_RX,134,SLAVE_TO_MASTER,UAV_3,UAV_2,391,18125,18125,104446
948.924,SLAVE_TO_MASTER_RX,135,SLAVE_TO_MASTER,UAV_2,UAV_3,1024,13217,13217,105470
948.928,SLAVE_TO_MASTER_RX,135,SLAVE_TO_MASTER,UAV_2,UAV_3,671,13888,13888,106141
950.414,SLAVE_TO_MASTER_RX,137,SLAVE_TO_MASTER,UAV_0,UAV_3,1024,14912,14912,107165
950.416,SLAVE_TO_MASTER_RX,137,SLAVE_TO_MASTER,UAV_0,UAV_3,45,14957,14957,107210
954.19,SENSOR_TO_MASTER_RX,138,SENSOR_TO_UAV,Sensor_201,UAV_3,1024,15981,15981,108234
954.192,SENSOR_TO_MASTER_RX,138,SENSOR_TO_UAV,Sensor_201,UAV_3,121,16102,16102,108355
954.46,SENSOR_TO_MASTER_RX,139,SENSOR_TO_UAV,Sensor_371,UAV_1,1024,36909,36909,109379
954.462,SENSOR_TO_MASTER_RX,139,SENSOR_TO_UAV,Sensor_371,UAV_1,666,37575,37575,110045
955.249,SENSOR_TO_MASTER_RX,141,SENSOR_TO_UAV,Sensor_254,UAV_3,1024,17126,17126,111069
955.251,SENSOR_TO_MASTER_RX,141,SENSOR_TO_UAV,Sensor_254,UAV_3,576,17702,17702,111645
955.737,SENSOR_TO_MASTER_RX,142,SENSOR_TO_UAV,Sensor_271,UAV_1,1024,38599,38599,112669
955.739,SENSOR_TO_MASTER_RX,142,SENSOR_TO_UAV,Sensor_271,UAV_1,671,39270,39270,113340
956.127,SLAVE_TO_MASTER_RX,143,SLAVE_TO_MASTER,UAV_2,UAV_1,1024,40294,40294,114364
956.131,SLAVE_TO_MASTER_RX,143,SLAVE_TO_MASTER,UAV_2,UAV_1,256,40550,40550,114620
956.587,SENSOR_TO_MASTER_RX,144,SENSOR_TO_UAV,Sensor_319,UAV_3,1024,18726,18726,115644
956.589,SENSOR_TO_MASTER_RX,144,SENSOR_TO_UAV,Sensor_319,UAV_3,466,19192,19192,116110
958.021,SENSOR_TO_MASTER_RX,145,SENSOR_TO_UAV,Sensor_171,UAV_3,1024,20216,20216,117134
958.023,SENSOR_TO_MASTER_RX,145,SENSOR_TO_UAV,Sensor_171,UAV_3,561,20777,20777,117695
961.638,SLAVE_TO_MASTER_RX,147,SLAVE_TO_MASTER,UAV_0,UAV_1,1024,41574,41574,118719
961.64,SLAVE_TO_MASTER_RX,147,SLAVE_TO_MASTER,UAV_0,UAV_1,486,42060,42060,119205
1122.58,SLAVE_TO_MASTER_RX,149,SLAVE_TO_MASTER,UAV_0,UAV_3,372,21149,21149,119577
1123.41,SLAVE_TO_MASTER_RX,151,SLAVE_TO_MASTER,UAV_0,UAV_3,1024,22173,22173,120601
1123.41,SLAVE_TO_MASTER_RX,151,SLAVE_TO_MASTER,UAV_0,UAV_3,27,22200,22200,120628
1124.48,SLAVE_TO_MASTER_RX,153,SLAVE_TO_MASTER,UAV_0,UAV_3,1024,23224,23224,121652
1124.49,SLAVE_TO_MASTER_RX,153,SLAVE_TO_MASTER,UAV_0,UAV_3,256,23480,23480,121908
1126.39,SLAVE_TO_MASTER_RX,155,SLAVE_TO_MASTER,UAV_1,UAV_3,388,23868,23868,122296
1126.77,SLAVE_TO_MASTER_RX,157,SLAVE_TO_MASTER,UAV_1,UAV_3,374,24242,24242,122670
1127.74,SLAVE_TO_MASTER_RX,160,SLAVE_TO_MASTER,UAV_1,UAV_3,1024,25266,25266,123694
1127.74,SLAVE_TO_MASTER_RX,160,SLAVE_TO_MASTER,UAV_1,UAV_3,211,25477,25477,123905
1128.12,SLAVE_TO_MASTER_RX,162,SLAVE_TO_MASTER,UAV_0,UAV_2,1024,19149,19149,124929
1128.12,SLAVE_TO_MASTER_RX,162,SLAVE_TO_MASTER,UAV_0,UAV_2,666,19815,19815,125595
1129.09,SLAVE_TO_MASTER_RX,164,SLAVE_TO_MASTER,UAV_1,UAV_3,1024,26501,26501,126619
1129.09,SLAVE_TO_MASTER_RX,164,SLAVE_TO_MASTER,UAV_1,UAV_3,296,26797,26797,126915
1129.56,SLAVE_TO_MASTER_RX,165,SLAVE_TO_MASTER,UAV_0,UAV_2,1024,20839,20839,127939
1129.57,SLAVE_TO_MASTER_RX,165,SLAVE_TO_MASTER,UAV_0,UAV_2,716,21555,21555,128655
1130.49,SENSOR_TO_MASTER_RX,166,SENSOR_TO_UAV,Sensor_310,UAV_3,1024,27821,27821,129679
1130.49,SENSOR_TO_MASTER_RX,166,SENSOR_TO_UAV,Sensor_310,UAV_3,211,28032,28032,129890
1131.32,SLAVE_TO_MASTER_RX,168,SLAVE_TO_MASTER,UAV_2,UAV_3,356,28388,28388,130246
1131.47,SENSOR_TO_MASTER_RX,170,SENSOR_TO_UAV,Sensor_92,UAV_3,1024,29412,29412,131270
1131.47,SENSOR_TO_MASTER_RX,170,SENSOR_TO_UAV,Sensor_92,UAV_3,536,29948,29948,131806
1132.2,SLAVE_TO_MASTER_RX,171,SLAVE_TO_MASTER,UAV_2,UAV_3,1024,30972,30972,132830
1132.21,SLAVE_TO_MASTER_RX,171,SLAVE_TO_MASTER,UAV_2,UAV_3,136,31108,31108,132966
1133.43,SLAVE_TO_MASTER_RX,173,SLAVE_TO_MASTER,UAV_2,UAV_3,1024,32132,32132,133990
1133.43,SLAVE_TO_MASTER_RX,173,SLAVE_TO_MASTER,UAV_2,UAV_3,396,32528,32528,134386
1135.11,SLAVE_TO_MASTER_RX,175,SLAVE_TO_MASTER,UAV_3,UAV_2,1024,22579,22579,135410
1135.11,SLAVE_TO_MASTER_RX,175,SLAVE_TO_MASTER,UAV_3,UAV_2,701,23280,23280,136111
1135.67,SENSOR_TO_MASTER_RX,177,SENSOR_TO_UAV,Sensor_36,UAV_2,1024,24304,24304,137135
1135.67,SENSOR_TO_MASTER_RX,177,SENSOR_TO_UAV,Sensor_36,UAV_2,316,24620,24620,137451
1136.75,SLAVE_TO_MASTER_RX,178,SLAVE_TO_MASTER,UAV_3,UAV_2,1024,25644,25644,138475
1136.76,SLAVE_TO_MASTER_RX,178,SLAVE_TO_MASTER,UAV_3,UAV_2,726,26370,26370,139201
1136.82,SENSOR_TO_MASTER_RX,179,SENSOR_TO_UAV,Sensor_185,UAV_2,1024,27394,27394,140225
1136.82,SENSOR_TO_MASTER_RX,179,SENSOR_TO_UAV,Sensor_185,UAV_2,336,27730,27730,140561
1138.02,SENSOR_TO_MASTER_RX,180,SENSOR_TO_UAV,Sensor_73,UAV_2,1024,28754,28754,141585
1138.02,SENSOR_TO_MASTER_RX,180,SENSOR_TO_UAV,Sensor_73,UAV_2,651,29405,29405,142236
1139.28,SENSOR_TO_MASTER_RX,181,SENSOR_TO_UAV,Sensor_299,UAV_2,1024,30429,30429,143260
1139.28,SENSOR_TO_MASTER_RX,181,SENSOR_TO_UAV,Sensor_299,UAV_2,546,30975,30975,143806
1200.35,SENSOR_TO_MASTER_RX,182,SENSOR_TO_UAV,Sensor_460,UAV_1,358,42418,42418,144164
1200.67,SENSOR_TO_MASTER_RX,183,SENSOR_TO_UAV,Sensor_289,UAV_1,1024,43442,43442,145188
1200.67,SENSOR_TO_MASTER_RX,183,SENSOR_TO_UAV,Sensor_289,UAV_1,181,43623,43623,145369
1201.56,SENSOR_TO_MASTER_RX,184,SENSOR_TO_UAV,Sensor_50,UAV_1,1024,44647,44647,146393
1201.57,SENSOR_TO_MASTER_RX,184,SENSOR_TO_UAV,Sensor_50,UAV_1,101,44748,44748,146494
1202.5,SENSOR_TO_MASTER_RX,185,SENSOR_TO_UAV,Sensor_466,UAV_1,1024,45772,45772,147518
1202.5,SENSOR_TO_MASTER_RX,185,SENSOR_TO_UAV,Sensor_466,UAV_1,291,46063,46063,147809
1203.5,SENSOR_TO_MASTER_RX,186,SENSOR_TO_UAV,Sensor_496,UAV_1,1024,47087,47087,148833
1203.5,SENSOR_TO_MASTER_RX,186,SENSOR_TO_UAV,Sensor_496,UAV_1,491,47578,47578,149324
1282.26,SLAVE_TO_MASTER_RX,188,SLAVE_TO_MASTER,UAV_1,UAV_2,1024,31999,31999,150348
1282.26,SLAVE_TO_MASTER_RX,188,SLAVE_TO_MASTER,UAV_1,UAV_2,406,32405,32405,150754
1283.69,SLAVE_TO_MASTER_RX,190,SLAVE_TO_MASTER,UAV_1,UAV_2,1024,33429,33429,151778
1283.7,SLAVE_TO_MASTER_RX,190,SLAVE_TO_MASTER,UAV_1,UAV_2,266,33695,33695,152044
1285.28,SLAVE_TO_MASTER_RX,192,SLAVE_TO_MASTER,UAV_1,UAV_2,1024,34719,34719,153068
1285.28,SLAVE_TO_MASTER_RX,192,SLAVE_TO_MASTER,UAV_1,UAV_2,436,35155,35155,153504
1321.73,SENSOR_TO_MASTER_RX,193,SENSOR_TO_UAV,Sensor_326,UAV_0,402,38645,38645,153906
1322.05,SENSOR_TO_MASTER_RX,194,SENSOR_TO_UAV,Sensor_463,UAV_0,1024,39669,39669,154930
1322.05,SENSOR_TO_MASTER_RX,194,SENSOR_TO_UAV,Sensor_463,UAV_0,81,39750,39750,155011
1322.98,SENSOR_TO_MASTER_RX,195,SENSOR_TO_UAV,Sensor_118,UAV_0,1024,40774,40774,156035
1322.98,SENSOR_TO_MASTER_RX,195,SENSOR_TO_UAV,Sensor_118,UAV_0,666,41440,41440,156701
1342.64,SENSOR_TO_MASTER_RX,196,SENSOR_TO_UAV,Sensor_263,UAV_1,809,48387,48387,157510
1343.35,SENSOR_TO_MASTER_RX,197,SENSOR_TO_UAV,Sensor_276,UAV_1,999,49386,49386,158509
1362.77,SENSOR_TO_MASTER_RX,198,SENSOR_TO_UAV,Sensor_437,UAV_2,662,35817,35817,159171
1369.97,SLAVE_TO_MASTER_RX,200,SLAVE_TO_MASTER,UAV_3,UAV_2,1024,36841,36841,160195
1369.98,SLAVE_TO_MASTER_RX,200,SLAVE_TO_MASTER,UAV_3,UAV_2,73,36914,36914,160268
1382.57,SLAVE_TO_MASTER_RX,202,SLAVE_TO_MASTER,UAV_0,UAV_2,722,37636,37636,160990
1383.38,SLAVE_TO_MASTER_RX,204,SLAVE_TO_MASTER,UAV_0,UAV_2,967,38603,38603,161957
1432.51,SLAVE_TO_MASTER_RX,206,SLAVE_TO_MASTER,UAV_1,UAV_2,1024,39627,39627,162981
1432.51,SLAVE_TO_MASTER_RX,206,SLAVE_TO_MASTER,UAV_1,UAV_2,255,39882,39882,163236
1441.21,SENSOR_TO_MASTER_RX,207,SENSOR_TO_UAV,Sensor_239,UAV_3,846,33374,33374,164082
1453.37,SENSOR_TO_MASTER_RX,208,SENSOR_TO_UAV,Sensor_446,UAV_2,981,40863,40863,165063
1454.27,SENSOR_TO_MASTER_RX,209,SENSOR_TO_UAV,Sensor_380,UAV_2,1024,41887,41887,166087
1454.28,SENSOR_TO_MASTER_RX,209,SENSOR_TO_UAV,Sensor_380,UAV_2,514,42401,42401,166601
1459.45,SENSOR_TO_MASTER_RX,210,SENSOR_TO_UAV,Sensor_266,UAV_0,877,42317,42317,167478
1476.51,SENSOR_TO_MASTER_RX,211,SENSOR_TO_UAV,Sensor_402,UAV_1,1024,50410,50410,168502
1476.52,SENSOR_TO_MASTER_RX,211,SENSOR_TO_UAV,Sensor_402,UAV_1,276,50686,50686,168778
1479.17,SLAVE_TO_MASTER_RX,213,SLAVE_TO_MASTER,UAV_3,UAV_1,933,51619,51619,169711
1479.19,SENSOR_TO_MASTER_RX,214,SENSOR_TO_UAV,Sensor_368,UAV_2,1024,43425,43425,170735
1479.19,SENSOR_TO_MASTER_RX,214,SENSOR_TO_UAV,Sensor_368,UAV_2,50,43475,43475,170785
1479.87,SENSOR_TO_MASTER_RX,215,SENSOR_TO_UAV,Sensor_474,UAV_0,1024,43341,43341,171809
1479.87,SENSOR_TO_MASTER_RX,215,SENSOR_TO_UAV,Sensor_474,UAV_0,64,43405,43405,171873
1499.12,SENSOR_TO_MASTER_RX,216,SENSOR_TO_UAV,Sensor_158,UAV_1,942,52561,52561,172815
1523.82,SENSOR_TO_MASTER_RX,217,SENSOR_TO_UAV,Sensor_9,UAV_0,1024,44429,44429,173839
1523.82,SENSOR_TO_MASTER_RX,217,SENSOR_TO_UAV,Sensor_9,UAV_0,495,44924,44924,174334
1539.7,SENSOR_TO_MASTER_RX,218,SENSOR_TO_UAV,Sensor_316,UAV_3,1024,34398,34398,175358
1539.71,SENSOR_TO_MASTER_RX,218,SENSOR_TO_UAV,Sensor_316,UAV_3,230,34628,34628,175588
1546.06,SENSOR_TO_MASTER_RX,219,SENSOR_TO_UAV,Sensor_328,UAV_2,1024,44499,44499,176612
1546.06,SENSOR_TO_MASTER_RX,219,SENSOR_TO_UAV,Sensor_328,UAV_2,235,44734,44734,176847
1623.94,SENSOR_TO_MASTER_RX,220,SENSOR_TO_UAV,Sensor_77,UAV_1,1024,53585,53585,177871
1623.94,SENSOR_TO_MASTER_RX,220,SENSOR_TO_UAV,Sensor_77,UAV_1,1024,54609,54609,178895
1623.95,SENSOR_TO_MASTER_RX,220,SENSOR_TO_UAV,Sensor_77,UAV_1,1024,55633,55633,179919
1623.95,SENSOR_TO_MASTER_RX,220,SENSOR_TO_UAV,Sensor_77,UAV_1,1024,56657,56657,180943
1623.96,SENSOR_TO_MASTER_RX,220,SENSOR_TO_UAV,Sensor_77,UAV_1,1024,57681,57681,181967
1623.96,SENSOR_TO_MASTER_RX,220,SENSOR_TO_UAV,Sensor_77,UAV_1,58,57739,57739,182025
1828,SENSOR_TO_MASTER_RX,221,SENSOR_TO_UAV,Sensor_373,UAV_0,771,45695,45695,182796
1828.62,SENSOR_TO_MASTER_RX,223,SENSOR_TO_UAV,Sensor_129,UAV_0,1024,46719,46719,183820
1828.63,SENSOR_TO_MASTER_RX,223,SENSOR_TO_UAV,Sensor_129,UAV_0,1024,47743,47743,184844
1828.63,SENSOR_TO_MASTER_RX,223,SENSOR_TO_UAV,Sensor_129,UAV_0,1024,48767,48767,185868
1828.63,SENSOR_TO_MASTER_RX,223,SENSOR_TO_UAV,Sensor_129,UAV_0,1024,49791,49791,186892
1828.63,SENSOR_TO_MASTER_RX,223,SENSOR_TO_UAV,Sensor_129,UAV_0,325,50116,50116,187217
1828.86,SLAVE_TO_MASTER_RX,224,SLAVE_TO_MASTER,UAV_1,UAV_0,707,50823,50823,187924
1832.29,SLAVE_TO_MASTER_RX,226,SLAVE_TO_MASTER,UAV_1,UAV_0,1024,51847,51847,188948
1832.3,SLAVE_TO_MASTER_RX,226,SLAVE_TO_MASTER,UAV_1,UAV_0,1024,52871,52871,189972
1832.3,SLAVE_TO_MASTER_RX,226,SLAVE_TO_MASTER,UAV_1,UAV_0,1024,53895,53895,190996
1832.31,SLAVE_TO_MASTER_RX,226,SLAVE_TO_MASTER,UAV_1,UAV_0,1024,54919,54919,192020
1832.31,SLAVE_TO_MASTER_RX,226,SLAVE_TO_MASTER,UAV_1,UAV_0,318,55237,55237,192338
1855.82,SENSOR_TO_MASTER_RX,227,SENSOR_TO_UAV,Sensor_145,UAV_2,792,45526,45526,193130
1863.13,SENSOR_TO_MASTER_RX,228,SENSOR_TO_UAV,Sensor_484,UAV_0,915,56152,56152,194045
1865.25,SLAVE_TO_MASTER_RX,230,SLAVE_TO_MASTER,UAV_3,UAV_2,1024,46550,46550,195069
1865.25,SLAVE_TO_MASTER_RX,230,SLAVE_TO_MASTER,UAV_3,UAV_2,84,46634,46634,195153
1905.86,SENSOR_TO_MASTER_RX,231,SENSOR_TO_UAV,Sensor_97,UAV_2,1007,47641,47641,196160
1909.09,SENSOR_TO_MASTER_RX,232,SENSOR_TO_UAV,Sensor_84,UAV_1,962,58701,58701,197122
1913.2,SENSOR_TO_MASTER_RX,233,SENSOR_TO_UAV,Sensor_76,UAV_3,992,35620,35620,198114
1959.31,SENSOR_TO_MASTER_RX,234,SENSOR_TO_UAV,Sensor_228,UAV_2,903,48544,48544,199017
1959.97,SENSOR_TO_MASTER_RX,235,SENSOR_TO_UAV,Sensor_401,UAV_2,1024,49568,49568,200041
1959.97,SENSOR_TO_MASTER_RX,235,SENSOR_TO_UAV,Sensor_401,UAV_2,1024,50592,50592,201065
1959.97,SENSOR_TO_MASTER_RX,235,SENSOR_TO_UAV,Sensor_401,UAV_2,1024,51616,51616,202089
1959.98,SENSOR_TO_MASTER_RX,235,SENSOR_TO_UAV,Sensor_401,UAV_2,1024,52640,52640,203113
1959.98,SENSOR_TO_MASTER_RX,235,SENSOR_TO_UAV,Sensor_401,UAV_2,457,53097,53097,203570
1975.9,SENSOR_TO_MASTER_RX,236,SENSOR_TO_UAV,Sensor_18,UAV_1,1024,59725,59725,204594
1975.9,SENSOR_TO_MASTER_RX,236,SENSOR_TO_UAV,Sensor_18,UAV_1,48,59773,59773,204642
1976.82,SENSOR_TO_MASTER_RX,237,SENSOR_TO_UAV,Sensor_104,UAV_1,1024,60797,60797,205666
1976.82,SENSOR_TO_MASTER_RX,237,SENSOR_TO_UAV,Sensor_104,UAV_1,1024,61821,61821,206690
1976.82,SENSOR_TO_MASTER_RX,237,SENSOR_TO_UAV,Sensor_104,UAV_1,1024,62845,62845,207714
1976.83,SENSOR_TO_MASTER_RX,237,SENSOR_TO_UAV,Sensor_104,UAV_1,1024,63869,63869,208738
1976.83,SENSOR_TO_MASTER_RX,237,SENSOR_TO_UAV,Sensor_104,UAV_1,598,64467,64467,209336
1994.35,SENSOR_TO_MASTER_RX,238,SENSOR_TO_UAV,Sensor_247,UAV_0,841,56993,56993,210177
2000.63,SENSOR_TO_MASTER_RX,239,SENSOR_TO_UAV,Sensor_308,UAV_2,1024,54121,54121,211201
2000.63,SENSOR_TO_MASTER_RX,239,SENSOR_TO_UAV,Sensor_308,UAV_2,414,54535,54535,211615
2007.04,SENSOR_TO_MASTER_RX,240,SENSOR_TO_UAV,Sensor_114,UAV_3,1009,36629,36629,212624
2012.99,SENSOR_TO_MASTER_RX,241,SENSOR_TO_UAV,Sensor_352,UAV_1,1024,65491,65491,213648
2012.99,SENSOR_TO_MASTER_RX,241,SENSOR_TO_UAV,Sensor_352,UAV_1,1024,66515,66515,214672
2013,SENSOR_TO_MASTER_RX,241,SENSOR_TO_UAV,Sensor_352,UAV_1,1024,67539,67539,215696
2013,SENSOR_TO_MASTER_RX,241,SENSOR_TO_UAV,Sensor_352,UAV_1,1024,68563,68563,216720
2013.01,SENSOR_TO_MASTER_RX,241,SENSOR_TO_UAV,Sensor_352,UAV_1,208,68771,68771,216928
2025.12,SENSOR_TO_MASTER_RX,242,SENSOR_TO_UAV,Sensor_374,UAV_0,1024,58017,58017,217952
2025.12,SENSOR_TO_MASTER_RX,242,SENSOR_TO_UAV,Sensor_374,UAV_0,1024,59041,59041,218976
2025.13,SENSOR_TO_MASTER_RX,242,SENSOR_TO_UAV,Sensor_374,UAV_0,1024,60065,60065,220000
2025.13,SENSOR_TO_MASTER_RX,242,SENSOR_TO_UAV,Sensor_374,UAV_0,1024,61089,61089,221024
2025.13,SENSOR_TO_MASTER_RX,242,SENSOR_TO_UAV,Sensor_374,UAV_0,250,61339,61339,221274
2031.45,SLAVE_TO_MASTER_RX,244,SLAVE_TO_MASTER,UAV_1,UAV_0,1024,62363,62363,222298
2031.45,SLAVE_TO_MASTER_RX,244,SLAVE_TO_MASTER,UAV_1,UAV_0,1024,63387,63387,223322
2031.45,SLAVE_TO_MASTER_RX,244,SLAVE_TO_MASTER,UAV_1,UAV_0,1024,64411,64411,224346
2031.46,SLAVE_TO_MASTER_RX,244,SLAVE_TO_MASTER,UAV_1,UAV_0,790,65201,65201,225136
2035.33,SLAVE_TO_MASTER_RX,247,SLAVE_TO_MASTER,UAV_2,UAV_0,1024,66225,66225,226160
2035.33,SLAVE_TO_MASTER_RX,247,SLAVE_TO_MASTER,UAV_2,UAV_0,1024,67249,67249,227184
2035.33,SLAVE_TO_MASTER_RX,247,SLAVE_TO_MASTER,UAV_2,UAV_0,1024,68273,68273,228208
2035.34,SLAVE_TO_MASTER_RX,247,SLAVE_TO_MASTER,UAV_2,UAV_0,1024,69297,69297,229232
2035.34,SLAVE_TO_MASTER_RX,247,SLAVE_TO_MASTER,UAV_2,UAV_0,288,69585,69585,229520
2035.89,SENSOR_TO_MASTER_RX,248,SENSOR_TO_UAV,Sensor_343,UAV_0,1024,70609,70609,230544
2035.9,SENSOR_TO_MASTER_RX,248,SENSOR_TO_UAV,Sensor_343,UAV_0,1024,71633,71633,231568
2035.9,SENSOR_TO_MASTER_RX,248,SENSOR_TO_UAV,Sensor_343,UAV_0,1024,72657,72657,232592
2035.91,SENSOR_TO_MASTER_RX,248,SENSOR_TO_UAV,Sensor_343,UAV_0,1024,73681,73681,233616
2035.91,SENSOR_TO_MASTER_RX,248,SENSOR_TO_UAV,Sensor_343,UAV_0,715,74396,74396,234331
2036.25,SLAVE_TO_MASTER_RX,249,SLAVE_TO_MASTER,UAV_3,UAV_0,1024,75420,75420,235355
2036.25,SLAVE_TO_MASTER_RX,249,SLAVE_TO_MASTER,UAV_3,UAV_0,1024,76444,76444,236379
2036.26,SLAVE_TO_MASTER_RX,249,SLAVE_TO_MASTER,UAV_3,UAV_0,1024,77468,77468,237403
2036.26,SLAVE_TO_MASTER_RX,249,SLAVE_TO_MASTER,UAV_3,UAV_0,1024,78492,78492,238427
2036.26,SLAVE_TO_MASTER_RX,249,SLAVE_TO_MASTER,UAV_3,UAV_0,693,79185,79185,239120
2039.83,SENSOR_TO_MASTER_RX,251,SENSOR_TO_UAV,Sensor_292,UAV_3,1024,37653,37653,240144
2039.83,SENSOR_TO_MASTER_RX,251,SENSOR_TO_UAV,Sensor_292,UAV_3,1024,38677,38677,241168
2039.83,SENSOR_TO_MASTER_RX,251,SENSOR_TO_UAV,Sensor_292,UAV_3,1024,39701,39701,242192
2039.84,SENSOR_TO_MASTER_RX,251,SENSOR_TO_UAV,Sensor_292,UAV_3,1024,40725,40725,243216
2039.84,SENSOR_TO_MASTER_RX,251,SENSOR_TO_UAV,Sensor_292,UAV_3,1021,41746,41746,244237
2040.32,SLAVE_TO_MASTER_RX,252,SLAVE_TO_MASTER,UAV_1,UAV_0,1024,80209,80209,245261
2040.33,SLAVE_TO_MASTER_RX,252,SLAVE_TO_MASTER,UAV_1,UAV_0,1024,81233,81233,246285
2040.33,SLAVE_TO_MASTER_RX,252,SLAVE_TO_MASTER,UAV_1,UAV_0,1024,82257,82257,247309
2040.34,SLAVE_TO_MASTER_RX,252,SLAVE_TO_MASTER,UAV_1,UAV_0,1024,83281,83281,248333
2040.34,SLAVE_TO_MASTER_RX,252,SLAVE_TO_MASTER,UAV_1,UAV_0,857,84138,84138,249190
2049.85,SENSOR_TO_MASTER_RX,253,SENSOR_TO_UAV,Sensor_117,UAV_0,1024,85162,85162,250214
2049.86,SENSOR_TO_MASTER_RX,253,SENSOR_TO_UAV,Sensor_117,UAV_0,1024,86186,86186,251238
2049.86,SENSOR_TO_MASTER_RX,253,SENSOR_TO_UAV,Sensor_117,UAV_0,1024,87210,87210,252262
2049.87,SENSOR_TO_MASTER_RX,253,SENSOR_TO_UAV,Sensor_117,UAV_0,1024,88234,88234,253286
2049.87,SENSOR_TO_MASTER_RX,253,SENSOR_TO_UAV,Sensor_117,UAV_0,521,88755,88755,253807
2058.43,SLAVE_TO_MASTER_RX,255,SLAVE_TO_MASTER,UAV_1,UAV_0,1024,89779,89779,254831
2058.43,SLAVE_TO_MASTER_RX,255,SLAVE_TO_MASTER,UAV_1,UAV_0,1024,90803,90803,255855
2058.44,SLAVE_TO_MASTER_RX,255,SLAVE_TO_MASTER,UAV_1,UAV_0,1024,91827,91827,256879
2058.44,SLAVE_TO_MASTER_RX,255,SLAVE_TO_MASTER,UAV_1,UAV_0,1024,92851,92851,257903
2058.45,SLAVE_TO_MASTER_RX,255,SLAVE_TO_MASTER,UAV_1,UAV_0,212,93063,93063,258115
2064.41,SLAVE_TO_MASTER_RX,258,SLAVE_TO_MASTER,UAV_2,UAV_0,1024,94087,94087,259139
2064.41,SLAVE_TO_MASTER_RX,258,SLAVE_TO_MASTER,UAV_2,UAV_0,1024,95111,95111,260163
2064.42,SLAVE_TO_MASTER_RX,258,SLAVE_TO_MASTER,UAV_2,UAV_0,1024,96135,96135,261187
2064.42,SLAVE_TO_MASTER_RX,258,SLAVE_TO_MASTER,UAV_2,UAV_0,1024,97159,97159,262211
2064.43,SLAVE_TO_MASTER_RX,258,SLAVE_TO_MASTER,UAV_2,UAV_0,509,97668,97668,262720
2064.63,SENSOR_TO_MASTER_RX,259,SENSOR_TO_UAV,Sensor_290,UAV_0,1024,98692,98692,263744
2064.63,SENSOR_TO_MASTER_RX,259,SENSOR_TO_UAV,Sensor_290,UAV_0,1024,99716,99716,264768
2064.63,SENSOR_TO_MASTER_RX,259,SENSOR_TO_UAV,Sensor_290,UAV_0,1024,100740,100740,265792
2064.63,SENSOR_TO_MASTER_RX,259,SENSOR_TO_UAV,Sensor_290,UAV_0,1024,101764,101764,266816
2064.64,SENSOR_TO_MASTER_RX,259,SENSOR_TO_UAV,Sensor_290,UAV_0,645,102409,102409,267461
2067.62,SLAVE_TO_MASTER_RX,260,SLAVE_TO_MASTER,UAV_3,UAV_0,1024,103433,103433,268485
2067.62,SLAVE_TO_MASTER_RX,260,SLAVE_TO_MASTER,UAV_3,UAV_0,1024,104457,104457,269509
2067.63,SLAVE_TO_MASTER_RX,260,SLAVE_TO_MASTER,UAV_3,UAV_0,1024,105481,105481,270533
2067.63,SLAVE_TO_MASTER_RX,260,SLAVE_TO_MASTER,UAV_3,UAV_0,1024,106505,106505,271557
2067.64,SLAVE_TO_MASTER_RX,260,SLAVE_TO_MASTER,UAV_3,UAV_0,630,107135,107135,272187
2074.51,SENSOR_TO_MASTER_RX,262,SENSOR_TO_UAV,Sensor_393,UAV_1,1024,69795,69795,273211
2074.51,SENSOR_TO_MASTER_RX,262,SENSOR_TO_UAV,Sensor_393,UAV_1,1024,70819,70819,274235
2074.51,SENSOR_TO_MASTER_RX,262,SENSOR_TO_UAV,Sensor_393,UAV_1,1024,71843,71843,275259
2074.51,SENSOR_TO_MASTER_RX,262,SENSOR_TO_UAV,Sensor_393,UAV_1,1024,72867,72867,276283
2074.52,SENSOR_TO_MASTER_RX,262,SENSOR_TO_UAV,Sensor_393,UAV_1,705,73572,73572,276988
2076.33,SLAVE_TO_MASTER_RX,263,SLAVE_TO_MASTER,UAV_2,UAV_1,1024,74596,74596,278012
2076.33,SLAVE_TO_MASTER_RX,263,SLAVE_TO_MASTER,UAV_2,UAV_1,1024,75620,75620,279036
2076.33,SLAVE_TO_MASTER_RX,263,SLAVE_TO_MASTER,UAV_2,UAV_1,1024,76644,76644,280060
2076.34,SLAVE_TO_MASTER_RX,263,SLAVE_TO_MASTER,UAV_2,UAV_1,1024,77668,77668,281084
2076.34,SLAVE_TO_MASTER_RX,263,SLAVE_TO_MASTER,UAV_2,UAV_1,1024,78692,78692,282108
2076.34,SLAVE_TO_MASTER_RX,263,SLAVE_TO_MASTER,UAV_2,UAV_1,200,78892,78892,282308
2086.35,SENSOR_TO_MASTER_RX,264,SENSOR_TO_UAV,Sensor_110,UAV_2,1024,55559,55559,283332
2086.35,SENSOR_TO_MASTER_RX,264,SENSOR_TO_UAV,Sensor_110,UAV_2,1024,56583,56583,284356
2086.35,SENSOR_TO_MASTER_RX,264,SENSOR_TO_UAV,Sensor_110,UAV_2,1024,57607,57607,285380
2086.35,SENSOR_TO_MASTER_RX,264,SENSOR_TO_UAV,Sensor_110,UAV_2,1024,58631,58631,286404
2086.36,SENSOR_TO_MASTER_RX,264,SENSOR_TO_UAV,Sensor_110,UAV_2,354,58985,58985,286758
2092.01,SLAVE_TO_MASTER_RX,266,SLAVE_TO_MASTER,UAV_0,UAV_2,1024,60009,60009,287782
2092.01,SLAVE_TO_MASTER_RX,266,SLAVE_TO_MASTER,UAV_0,UAV_2,1024,61033,61033,288806
2092.02,SLAVE_TO_MASTER_RX,266,SLAVE_TO_MASTER,UAV_0,UAV_2,1024,62057,62057,289830
2092.02,SLAVE_TO_MASTER_RX,266,SLAVE_TO_MASTER,UAV_0,UAV_2,917,62974,62974,290747
2095.61,SLAVE_TO_MASTER_RX,269,SLAVE_TO_MASTER,UAV_3,UAV_2,1024,63998,63998,291771
2095.61,SLAVE_TO_MASTER_RX,269,SLAVE_TO_MASTER,UAV_3,UAV_2,1024,65022,65022,292795
2095.62,SLAVE_TO_MASTER_RX,269,SLAVE_TO_MASTER,UAV_3,UAV_2,1024,66046,66046,293819
2095.62,SLAVE_TO_MASTER_RX,269,SLAVE_TO_MASTER,UAV_3,UAV_2,1024,67070,67070,294843
2095.63,SLAVE_TO_MASTER_RX,269,SLAVE_TO_MASTER,UAV_3,UAV_2,694,67764,67764,295537
2096.29,SLAVE_TO_MASTER_RX,270,SLAVE_TO_MASTER,UAV_1,UAV_2,1024,68788,68788,296561
2096.3,SLAVE_TO_MASTER_RX,270,SLAVE_TO_MASTER,UAV_1,UAV_2,1024,69812,69812,297585
2096.3,SLAVE_TO_MASTER_RX,270,SLAVE_TO_MASTER,UAV_1,UAV_2,1024,70836,70836,298609
2096.31,SLAVE_TO_MASTER_RX,270,SLAVE_TO_MASTER,UAV_1,UAV_2,1024,71860,71860,299633
2096.31,SLAVE_TO_MASTER_RX,270,SLAVE_TO_MASTER,UAV_1,UAV_2,771,72631,72631,300404
2098.96,SENSOR_TO_MASTER_RX,271,SENSOR_TO_UAV,Sensor_432,UAV_0,1024,108159,108159,301428
2098.96,SENSOR_TO_MASTER_RX,271,SENSOR_TO_UAV,Sensor_432,UAV_0,1024,109183,109183,302452
2098.96,SENSOR_TO_MASTER_RX,271,SENSOR_TO_UAV,Sensor_432,UAV_0,1024,110207,110207,303476
2098.97,SENSOR_TO_MASTER_RX,271,SENSOR_TO_UAV,Sensor_432,UAV_0,1024,111231,111231,304500
2098.97,SENSOR_TO_MASTER_RX,271,SENSOR_TO_UAV,Sensor_432,UAV_0,920,112151,112151,305420
2106.93,SENSOR_TO_MASTER_RX,273,SENSOR_TO_UAV,Sensor_468,UAV_3,1024,42770,42770,306444
2106.93,SENSOR_TO_MASTER_RX,273,SENSOR_TO_UAV,Sensor_468,UAV_3,1024,43794,43794,307468
2106.93,SENSOR_TO_MASTER_RX,273,SENSOR_TO_UAV,Sensor_468,UAV_3,1024,44818,44818,308492
2106.94,SENSOR_TO_MASTER_RX,273,SENSOR_TO_UAV,Sensor_468,UAV_3,1024,45842,45842,309516
2106.94,SENSOR_TO_MASTER_RX,273,SENSOR_TO_UAV,Sensor_468,UAV_3,865,46707,46707,310381
2108.08,SLAVE_TO_MASTER_RX,274,SLAVE_TO_MASTER,UAV_2,UAV_0,1024,113175,113175,311405
2108.09,SLAVE_TO_MASTER_RX,274,SLAVE_TO_MASTER,UAV_2,UAV_0,1024,114199,114199,312429
2108.09,SLAVE_TO_MASTER_RX,274,SLAVE_TO_MASTER,UAV_2,UAV_0,1024,115223,115223,313453
2108.1,SLAVE_TO_MASTER_RX,274,SLAVE_TO_MASTER,UAV_2,UAV_0,1024,116247,116247,314477
2108.1,SLAVE_TO_MASTER_RX,274,SLAVE_TO_MASTER,UAV_2,UAV_0,1024,117271,117271,315501
2108.11,SLAVE_TO_MASTER_RX,274,SLAVE_TO_MASTER,UAV_2,UAV_0,99,117370,117370,315600
2119.26,SENSOR_TO_MASTER_RX,277,SENSOR_TO_UAV,Sensor_194,UAV_2,1024,73655,73655,316624
2119.26,SENSOR_TO_MASTER_RX,277,SENSOR_TO_UAV,Sensor_194,UAV_2,1024,74679,74679,317648
2119.27,SENSOR_TO_MASTER_RX,277,SENSOR_TO_UAV,Sensor_194,UAV_2,1024,75703,75703,318672
2119.27,SENSOR_TO_MASTER_RX,277,SENSOR_TO_UAV,Sensor_194,UAV_2,1024,76727,76727,319696
2119.27,SENSOR_TO_MASTER_RX,277,SENSOR_TO_UAV,Sensor_194,UAV_2,475,77202,77202,320171
2120.52,SLAVE_TO_MASTER_RX,278,SLAVE_TO_MASTER,UAV_0,UAV_2,1024,78226,78226,321195
2120.53,SLAVE_TO_MASTER_RX,278,SLAVE_TO_MASTER,UAV_0,UAV_2,1024,79250,79250,322219
2120.53,SLAVE_TO_MASTER_RX,278,SLAVE_TO_MASTER,UAV_0,UAV_2,1024,80274,80274,323243
2120.54,SLAVE_TO_MASTER_RX,278,SLAVE_TO_MASTER,UAV_0,UAV_2,836,81110,81110,324079
2120.93,SLAVE_TO_MASTER_RX,279,SLAVE_TO_MASTER,UAV_3,UAV_2,1024,82134,82134,325103
2120.93,SLAVE_TO_MASTER_RX,279,SLAVE_TO_MASTER,UAV_3,UAV_2,1024,83158,83158,326127
2120.94,SLAVE_TO_MASTER_RX,279,SLAVE_TO_MASTER,UAV_3,UAV_2,1024,84182,84182,327151
2120.94,SLAVE_TO_MASTER_RX,279,SLAVE_TO_MASTER,UAV_3,UAV_2,1024,85206,85206,328175
2120.95,SLAVE_TO_MASTER_RX,279,SLAVE_TO_MASTER,UAV_3,UAV_2,560,85766,85766,328735
2127.43,SLAVE_TO_MASTER_RX,281,SLAVE_TO_MASTER,UAV_1,UAV_2,1024,86790,86790,329759
2127.44,SLAVE_TO_MASTER_RX,281,SLAVE_TO_MASTER,UAV_1,UAV_2,1024,87814,87814,330783
2127.44,SLAVE_TO_MASTER_RX,281,SLAVE_TO_MASTER,UAV_1,UAV_2,1024,88838,88838,331807
2127.44,SLAVE_TO_MASTER_RX,281,SLAVE_TO_MASTER,UAV_1,UAV_2,264,89102,89102,332071
2131.48,SENSOR_TO_MASTER_RX,283,SENSOR_TO_UAV,Sensor_20,UAV_2,1024,90126,90126,333095
2131.48,SENSOR_TO_MASTER_RX,283,SENSOR_TO_UAV,Sensor_20,UAV_2,1024,91150,91150,334119
2131.48,SENSOR_TO_MASTER_RX,283,SENSOR_TO_UAV,Sensor_20,UAV_2,1024,92174,92174,335143
2131.49,SENSOR_TO_MASTER_RX,283,SENSOR_TO_UAV,Sensor_20,UAV_2,1024,93198,93198,336167
2131.49,SENSOR_TO_MASTER_RX,283,SENSOR_TO_UAV,Sensor_20,UAV_2,667,93865,93865,336834
2134.58,SLAVE_TO_MASTER_RX,284,SLAVE_TO_MASTER,UAV_0,UAV_2,1024,94889,94889,337858
2134.59,SLAVE_TO_MASTER_RX,284,SLAVE_TO_MASTER,UAV_0,UAV_2,1024,95913,95913,338882
2134.59,SLAVE_TO_MASTER_RX,284,SLAVE_TO_MASTER,UAV_0,UAV_2,1024,96937,96937,339906
2134.6,SLAVE_TO_MASTER_RX,284,SLAVE_TO_MASTER,UAV_0,UAV_2,1024,97961,97961,340930
2134.6,SLAVE_TO_MASTER_RX,284,SLAVE_TO_MASTER,UAV_0,UAV_2,796,98757,98757,341726
2141.74,SENSOR_TO_MASTER_RX,286,SENSOR_TO_UAV,Sensor_390,UAV_1,1024,79916,79916,342750
2141.74,SENSOR_TO_MASTER_RX,286,SENSOR_TO_UAV,Sensor_390,UAV_1,1024,80940,80940,343774
2141.74,SENSOR_TO_MASTER_RX,286,SENSOR_TO_UAV,Sensor_390,UAV_1,1024,81964,81964,344798
2141.74,SENSOR_TO_MASTER_RX,286,SENSOR_TO_UAV,Sensor_390,UAV_1,1024,82988,82988,345822
2141.75,SENSOR_TO_MASTER_RX,286,SENSOR_TO_UAV,Sensor_390,UAV_1,811,83799,83799,346633
2141.97,SLAVE_TO_MASTER_RX,287,SLAVE_TO_MASTER,UAV_3,UAV_2,1024,99781,99781,347657
2141.98,SLAVE_TO_MASTER_RX,287,SLAVE_TO_MASTER,UAV_3,UAV_2,1024,100805,100805,348681
2141.98,SLAVE_TO_MASTER_RX,287,SLAVE_TO_MASTER,UAV_3,UAV_2,1024,101829,101829,349705
2141.99,SLAVE_TO_MASTER_RX,287,SLAVE_TO_MASTER,UAV_3,UAV_2,1024,102853,102853,350729
2141.99,SLAVE_TO_MASTER_RX,287,SLAVE_TO_MASTER,UAV_3,UAV_2,437,103290,103290,351166
2164.6,SLAVE_TO_MASTER_RX,290,SLAVE_TO_MASTER,UAV_0,UAV_2,1024,104314,104314,352190
2164.61,SLAVE_TO_MASTER_RX,290,SLAVE_TO_MASTER,UAV_0,UAV_2,1024,105338,105338,353214
2164.61,SLAVE_TO_MASTER_RX,290,SLAVE_TO_MASTER,UAV_0,UAV_2,1024,106362,106362,354238
2164.62,SLAVE_TO_MASTER_RX,290,SLAVE_TO_MASTER,UAV_0,UAV_2,1024,107386,107386,355262
2164.62,SLAVE_TO_MASTER_RX,290,SLAVE_TO_MASTER,UAV_0,UAV_2,894,108280,108280,356156
2164.96,SENSOR_TO_MASTER_RX,291,SENSOR_TO_UAV,Sensor_476,UAV_2,1024,109304,109304,357180
2164.97,SENSOR_TO_MASTER_RX,291,SENSOR_TO_UAV,Sensor_476,UAV_2,1024,110328,110328,358204
2164.97,SENSOR_TO_MASTER_RX,291,SENSOR_TO_UAV,Sensor_476,UAV_2,1024,111352,111352,359228
2164.98,SENSOR_TO_MASTER_RX,291,SENSOR_TO_UAV,Sensor_476,UAV_2,1024,112376,112376,360252
2164.98,SENSOR_TO_MASTER_RX,291,SENSOR_TO_UAV,Sensor_476,UAV_2,203,112579,112579,360455
2166.55,SLAVE_TO_MASTER_RX,293,SLAVE_TO_MASTER,UAV_1,UAV_2,1024,113603,113603,361479
2166.55,SLAVE_TO_MASTER_RX,293,SLAVE_TO_MASTER,UAV_1,UAV_2,1024,114627,114627,362503
2166.56,SLAVE_TO_MASTER_RX,293,SLAVE_TO_MASTER,UAV_1,UAV_2,1024,115651,115651,363527
2166.56,SLAVE_TO_MASTER_RX,293,SLAVE_TO_MASTER,UAV_1,UAV_2,1024,116675,116675,364551
2166.56,SLAVE_TO_MASTER_RX,293,SLAVE_TO_MASTER,UAV_1,UAV_2,19,116694,116694,364570
2168.31,SLAVE_TO_MASTER_RX,294,SLAVE_TO_MASTER,UAV_3,UAV_2,1024,117718,117718,365594
2168.31,SLAVE_TO_MASTER_RX,294,SLAVE_TO_MASTER,UAV_3,UAV_2,1024,118742,118742,366618
2168.32,SLAVE_TO_MASTER_RX,294,SLAVE_TO_MASTER,UAV_3,UAV_2,1024,119766,119766,367642
2168.32,SLAVE_TO_MASTER_RX,294,SLAVE_TO_MASTER,UAV_3,UAV_2,840,120606,120606,368482
2174.51,SENSOR_TO_MASTER_RX,295,SENSOR_TO_UAV,Sensor_293,UAV_3,1024,47731,47731,369506
2174.51,SENSOR_TO_MASTER_RX,295,SENSOR_TO_UAV,Sensor_293,UAV_3,1024,48755,48755,370530
2174.51,SENSOR_TO_MASTER_RX,295,SENSOR_TO_UAV,Sensor_293,UAV_3,1024,49779,49779,371554
2174.52,SENSOR_TO_MASTER_RX,295,SENSOR_TO_UAV,Sensor_293,UAV_3,1024,50803,50803,372578
2174.52,SENSOR_TO_MASTER_RX,295,SENSOR_TO_UAV,Sensor_293,UAV_3,405,51208,51208,372983
2179,SLAVE_TO_MASTER_RX,299,SLAVE_TO_MASTER,UAV_1,UAV_3,1024,52232,52232,374007
2179,SLAVE_TO_MASTER_RX,299,SLAVE_TO_MASTER,UAV_1,UAV_3,1024,53256,53256,375031
2179.01,SLAVE_TO_MASTER_RX,299,SLAVE_TO_MASTER,UAV_1,UAV_3,1024,54280,54280,376055
2179.01,SLAVE_TO_MASTER_RX,299,SLAVE_TO_MASTER,UAV_1,UAV_3,1024,55304,55304,377079
2179.02,SLAVE_TO_MASTER_RX,299,SLAVE_TO_MASTER,UAV_1,UAV_3,1024,56328,56328,378103
2179.02,SLAVE_TO_MASTER_RX,299,SLAVE_TO_MASTER,UAV_1,UAV_3,142,56470,56470,378245
2181.29,SLAVE_TO_MASTER_RX,300,SLAVE_TO_MASTER,UAV_0,UAV_3,1024,57494,57494,379269
2181.29,SLAVE_TO_MASTER_RX,300,SLAVE_TO_MASTER,UAV_0,UAV_3,1024,58518,58518,380293
2181.3,SLAVE_TO_MASTER_RX,300,SLAVE_TO_MASTER,UAV_0,UAV_3,1024,59542,59542,381317
2181.3,SLAVE_TO_MASTER_RX,300,SLAVE_TO_MASTER,UAV_0,UAV_3,1024,60566,60566,382341
2181.31,SLAVE_TO_MASTER_RX,300,SLAVE_TO_MASTER,UAV_0,UAV_3,387,60953,60953,382728
2181.58,SLAVE_TO_MASTER_RX,301,SLAVE_TO_MASTER,UAV_2,UAV_3,1024,61977,61977,383752
2181.59,SLAVE_TO_MASTER_RX,301,SLAVE_TO_MASTER,UAV_2,UAV_3,1024,63001,63001,384776
2181.59,SLAVE_TO_MASTER_RX,301,SLAVE_TO_MASTER,UAV_2,UAV_3,1024,64025,64025,385800
2181.6,SLAVE_TO_MASTER_RX,301,SLAVE_TO_MASTER,UAV_2,UAV_3,1024,65049,65049,386824
2181.6,SLAVE_TO_MASTER_RX,301,SLAVE_TO_MASTER,UAV_2,UAV_3,257,65306,65306,387081
2190.28,SENSOR_TO_MASTER_RX,302,SENSOR_TO_UAV,Sensor_154,UAV_0,1024,118394,118394,388105
2190.28,SENSOR_TO_MASTER_RX,302,SENSOR_TO_UAV,Sensor_154,UAV_0,1024,119418,119418,389129
2190.29,SENSOR_TO_MASTER_RX,302,SENSOR_TO_UAV,Sensor_154,UAV_0,1024,120442,120442,390153
2190.29,SENSOR_TO_MASTER_RX,302,SENSOR_TO_UAV,Sensor_154,UAV_0,1024,121466,121466,391177
2190.3,SENSOR_TO_MASTER_RX,302,SENSOR_TO_UAV,Sensor_154,UAV_0,439,121905,121905,391616
2193.93,SLAVE_TO_MASTER_RX,306,SLAVE_TO_MASTER,UAV_1,UAV_0,1024,122929,122929,392640
2193.94,SLAVE_TO_MASTER_RX,306,SLAVE_TO_MASTER,UAV_1,UAV_0,1024,123953,123953,393664
2193.94,SLAVE_TO_MASTER_RX,306,SLAVE_TO_MASTER,UAV_1,UAV_0,1024,124977,124977,394688
2193.95,SLAVE_TO_MASTER_RX,306,SLAVE_TO_MASTER,UAV_1,UAV_0,1024,126001,126001,395712
2193.95,SLAVE_TO_MASTER_RX,306,SLAVE_TO_MASTER,UAV_1,UAV_0,201,126202,126202,395913
2194.38,SLAVE_TO_MASTER_RX,307,SLAVE_TO_MASTER,UAV_2,UAV_0,1024,127226,127226,396937
2194.38,SLAVE_TO_MASTER_RX,307,SLAVE_TO_MASTER,UAV_2,UAV_0,1024,128250,128250,397961
2194.39,SLAVE_TO_MASTER_RX,307,SLAVE_TO_MASTER,UAV_2,UAV_0,1024,129274,129274,398985
2194.39,SLAVE_TO_MASTER_RX,307,SLAVE_TO_MASTER,UAV_2,UAV_0,923,130197,130197,399908
2194.72,SLAVE_TO_MASTER_RX,308,SLAVE_TO_MASTER,UAV_3,UAV_0,1024,131221,131221,400932
2194.72,SLAVE_TO_MASTER_RX,308,SLAVE_TO_MASTER,UAV_3,UAV_0,1024,132245,132245,401956
2194.73,SLAVE_TO_MASTER_RX,308,SLAVE_TO_MASTER,UAV_3,UAV_0,1024,133269,133269,402980
2194.73,SLAVE_TO_MASTER_RX,308,SLAVE_TO_MASTER,UAV_3,UAV_0,994,134263,134263,403974
2199.06,SENSOR_TO_MASTER_RX,309,SENSOR_TO_UAV,Sensor_245,UAV_0,1024,135287,135287,404998
2199.06,SENSOR_TO_MASTER_RX,309,SENSOR_TO_UAV,Sensor_245,UAV_0,1024,136311,136311,406022
2199.07,SENSOR_TO_MASTER_RX,309,SENSOR_TO_UAV,Sensor_245,UAV_0,1024,137335,137335,407046
2199.07,SENSOR_TO_MASTER_RX,309,SENSOR_TO_UAV,Sensor_245,UAV_0,1024,138359,138359,408070
2199.08,SENSOR_TO_MASTER_RX,309,SENSOR_TO_UAV,Sensor_245,UAV_0,281,138640,138640,408351
2209.49,SLAVE_TO_MASTER_RX,311,SLAVE_TO_MASTER,UAV_2,UAV_0,1024,139664,139664,409375
2209.49,SLAVE_TO_MASTER_RX,311,SLAVE_TO_MASTER,UAV_2,UAV_0,1024,140688,140688,410399
2209.5,SLAVE_TO_MASTER_RX,311,SLAVE_TO_MASTER,UAV_2,UAV_0,1024,141712,141712,411423
2209.5,SLAVE_TO_MASTER_RX,311,SLAVE_TO_MASTER,UAV_2,UAV_0,1024,142736,142736,412447
2209.51,SLAVE_TO_MASTER_RX,311,SLAVE_TO_MASTER,UAV_2,UAV_0,311,143047,143047,412758
2210.36,SENSOR_TO_MASTER_RX,312,SENSOR_TO_UAV,Sensor_61,UAV_1,1024,84823,84823,413782
2210.36,SENSOR_TO_MASTER_RX,312,SENSOR_TO_UAV,Sensor_61,UAV_1,1024,85847,85847,414806
2210.37,SENSOR_TO_MASTER_RX,312,SENSOR_TO_UAV,Sensor_61,UAV_1,1024,86871,86871,415830
2210.37,SENSOR_TO_MASTER_RX,312,SENSOR_TO_UAV,Sensor_61,UAV_1,1024,87895,87895,416854
2210.38,SENSOR_TO_MASTER_RX,312,SENSOR_TO_UAV,Sensor_61,UAV_1,859,88754,88754,417713
2221.66,SLAVE_TO_MASTER_RX,314,SLAVE_TO_MASTER,UAV_3,UAV_1,1024,89778,89778,418737
2221.67,SLAVE_TO_MASTER_RX,314,SLAVE_TO_MASTER,UAV_3,UAV_1,1024,90802,90802,419761
2221.67,SLAVE_TO_MASTER_RX,314,SLAVE_TO_MASTER,UAV_3,UAV_1,1024,91826,91826,420785
2221.68,SLAVE_TO_MASTER_RX,314,SLAVE_TO_MASTER,UAV_3,UAV_1,1024,92850,92850,421809
2221.68,SLAVE_TO_MASTER_RX,314,SLAVE_TO_MASTER,UAV_3,UAV_1,886,93736,93736,422695
2233.61,SENSOR_TO_MASTER_RX,316,SENSOR_TO_UAV,Sensor_317,UAV_0,1024,144071,144071,423719
2233.61,SENSOR_TO_MASTER_RX,316,SENSOR_TO_UAV,Sensor_317,UAV_0,1024,145095,145095,424743
2233.61,SENSOR_TO_MASTER_RX,316,SENSOR_TO_UAV,Sensor_317,UAV_0,1024,146119,146119,425767
2233.61,SENSOR_TO_MASTER_RX,316,SENSOR_TO_UAV,Sensor_317,UAV_0,1024,147143,147143,426791
2233.62,SENSOR_TO_MASTER_RX,316,SENSOR_TO_UAV,Sensor_317,UAV_0,403,147546,147546,427194
2234.04,SLAVE_TO_MASTER_RX,317,SLAVE_TO_MASTER,UAV_1,UAV_0,1024,148570,148570,428218
2234.04,SLAVE_TO_MASTER_RX,317,SLAVE_TO_MASTER,UAV_1,UAV_0,1024,149594,149594,429242
2234.05,SLAVE_TO_MASTER_RX,317,SLAVE_TO_MASTER,UAV_1,UAV_0,1024,150618,150618,430266
2234.05,SLAVE_TO_MASTER_RX,317,SLAVE_TO_MASTER,UAV_1,UAV_0,1024,151642,151642,431290
2234.06,SLAVE_TO_MASTER_RX,317,SLAVE_TO_MASTER,UAV_1,UAV_0,206,151848,151848,431496
2243.94,SLAVE_TO_MASTER_RX,320,SLAVE_TO_MASTER,UAV_2,UAV_0,1024,152872,152872,432520
2243.95,SLAVE_TO_MASTER_RX,320,SLAVE_TO_MASTER,UAV_2,UAV_0,1024,153896,153896,433544
2243.95,SLAVE_TO_MASTER_RX,320,SLAVE_TO_MASTER,UAV_2,UAV_0,1024,154920,154920,434568
2243.96,SLAVE_TO_MASTER_RX,320,SLAVE_TO_MASTER,UAV_2,UAV_0,1024,155944,155944,435592
2243.96,SLAVE_TO_MASTER_RX,320,SLAVE_TO_MASTER,UAV_2,UAV_0,808,156752,156752,436400
2244.49,SLAVE_TO_MASTER_RX,321,SLAVE_TO_MASTER,UAV_3,UAV_0,1024,157776,157776,437424
2244.5,SLAVE_TO_MASTER_RX,321,SLAVE_TO_MASTER,UAV_3,UAV_0,1024,158800,158800,438448
2244.5,SLAVE_TO_MASTER_RX,321,SLAVE_TO_MASTER,UAV_3,UAV_0,1024,159824,159824,439472
2244.51,SLAVE_TO_MASTER_RX,321,SLAVE_TO_MASTER,UAV_3,UAV_0,1024,160848,160848,440496
2244.51,SLAVE_TO_MASTER_RX,321,SLAVE_TO_MASTER,UAV_3,UAV_0,970,161818,161818,441466
2249.19,SENSOR_TO_MASTER_RX,322,SENSOR_TO_UAV,Sensor_241,UAV_3,1024,66330,66330,442490
2249.19,SENSOR_TO_MASTER_RX,322,SENSOR_TO_UAV,Sensor_241,UAV_3,1024,67354,67354,443514
2249.2,SENSOR_TO_MASTER_RX,322,SENSOR_TO_UAV,Sensor_241,UAV_3,1024,68378,68378,444538
2249.2,SENSOR_TO_MASTER_RX,322,SENSOR_TO_UAV,Sensor_241,UAV_3,1024,69402,69402,445562
2249.2,SENSOR_TO_MASTER_RX,322,SENSOR_TO_UAV,Sensor_241,UAV_3,389,69791,69791,445951
2252.95,SENSOR_TO_MASTER_RX,323,SENSOR_TO_UAV,Sensor_115,UAV_0,1024,162842,162842,446975
2252.95,SENSOR_TO_MASTER_RX,323,SENSOR_TO_UAV,Sensor_115,UAV_0,1024,163866,163866,447999
2252.96,SENSOR_TO_MASTER_RX,323,SENSOR_TO_UAV,Sensor_115,UAV_0,1024,164890,164890,449023
2252.96,SENSOR_TO_MASTER_RX,323,SENSOR_TO_UAV,Sensor_115,UAV_0,275,165165,165165,449298
2257.23,SENSOR_TO_MASTER_RX,324,SENSOR_TO_UAV,Sensor_231,UAV_1,1024,94760,94760,450322
2257.23,SENSOR_TO_MASTER_RX,324,SENSOR_TO_UAV,Sensor_231,UAV_1,1024,95784,95784,451346
2257.23,SENSOR_TO_MASTER_RX,324,SENSOR_TO_UAV,Sensor_231,UAV_1,1024,96808,96808,452370
2257.23,SENSOR_TO_MASTER_RX,324,SENSOR_TO_UAV,Sensor_231,UAV_1,1024,97832,97832,453394
2257.24,SENSOR_TO_MASTER_RX,324,SENSOR_TO_UAV,Sensor_231,UAV_1,28,97860,97860,453422
2260.39,SLAVE_TO_MASTER_RX,326,SLAVE_TO_MASTER,UAV_2,UAV_3,1024,70815,70815,454446
2260.4,SLAVE_TO_MASTER_RX,326,SLAVE_TO_MASTER,UAV_2,UAV_3,1024,71839,71839,455470
2260.4,SLAVE_TO_MASTER_RX,326,SLAVE_TO_MASTER,UAV_2,UAV_3,1024,72863,72863,456494
2260.41,SLAVE_TO_MASTER_RX,326,SLAVE_TO_MASTER,UAV_2,UAV_3,1024,73887,73887,457518
2260.41,SLAVE_TO_MASTER_RX,326,SLAVE_TO_MASTER,UAV_2,UAV_3,415,74302,74302,457933
2272.03,SENSOR_TO_MASTER_RX,327,SENSOR_TO_UAV,Sensor_243,UAV_3,1024,75326,75326,458957
2272.03,SENSOR_TO_MASTER_RX,327,SENSOR_TO_UAV,Sensor_243,UAV_3,1024,76350,76350,459981
2272.03,SENSOR_TO_MASTER_RX,327,SENSOR_TO_UAV,Sensor_243,UAV_3,1024,77374,77374,461005
2272.03,SENSOR_TO_MASTER_RX,327,SENSOR_TO_UAV,Sensor_243,UAV_3,1024,78398,78398,462029
2272.04,SENSOR_TO_MASTER_RX,327,SENSOR_TO_UAV,Sensor_243,UAV_3,512,78910,78910,462541
2275.73,SLAVE_TO_MASTER_RX,330,SLAVE_TO_MASTER,UAV_0,UAV_3,1024,79934,79934,463565
2275.74,SLAVE_TO_MASTER_RX,330,SLAVE_TO_MASTER,UAV_0,UAV_3,1024,80958,80958,464589
2275.74,SLAVE_TO_MASTER_RX,330,SLAVE_TO_MASTER,UAV_0,UAV_3,1024,81982,81982,465613
2275.75,SLAVE_TO_MASTER_RX,330,SLAVE_TO_MASTER,UAV_0,UAV_3,1024,83006,83006,466637
2275.75,SLAVE_TO_MASTER_RX,330,SLAVE_TO_MASTER,UAV_0,UAV_3,406,83412,83412,467043
2277.43,SLAVE_TO_MASTER_RX,332,SLAVE_TO_MASTER,UAV_1,UAV_3,1024,84436,84436,468067
2277.43,SLAVE_TO_MASTER_RX,332,SLAVE_TO_MASTER,UAV_1,UAV_3,1024,85460,85460,469091
2277.44,SLAVE_TO_MASTER_RX,332,SLAVE_TO_MASTER,UAV_1,UAV_3,1024,86484,86484,470115
2277.44,SLAVE_TO_MASTER_RX,332,SLAVE_TO_MASTER,UAV_1,UAV_3,1024,87508,87508,471139
2277.44,SLAVE_TO_MASTER_RX,332,SLAVE_TO_MASTER,UAV_1,UAV_3,210,87718,87718,471349
2280.15,SLAVE_TO_MASTER_RX,333,SLAVE_TO_MASTER,UAV_2,UAV_3,1024,88742,88742,472373
2280.15,SLAVE_TO_MASTER_RX,333,SLAVE_TO_MASTER,UAV_2,UAV_3,1024,89766,89766,473397
2280.16,SLAVE_TO_MASTER_RX,333,SLAVE_TO_MASTER,UAV_2,UAV_3,1024,90790,90790,474421
2280.16,SLAVE_TO_MASTER_RX,333,SLAVE_TO_MASTER,UAV_2,UAV_3,1024,91814,91814,475445
2280.17,SLAVE_TO_MASTER_RX,333,SLAVE_TO_MASTER,UAV_2,UAV_3,694,92508,92508,476139
2286.41,SENSOR_TO_MASTER_RX,334,SENSOR_TO_UAV,Sensor_138,UAV_1,1024,98884,98884,477163
2286.41,SENSOR_TO_MASTER_RX,334,SENSOR_TO_UAV,Sensor_138,UAV_1,1024,99908,99908,478187
2286.42,SENSOR_TO_MASTER_RX,334,SENSOR_TO_UAV,Sensor_138,UAV_1,1024,100932,100932,479211
2286.42,SENSOR_TO_MASTER_RX,334,SENSOR_TO_UAV,Sensor_138,UAV_1,927,101859,101859,480138
2287.06,SENSOR_TO_MASTER_RX,335,SENSOR_TO_UAV,Sensor_75,UAV_2,1024,121630,121630,481162
2287.06,SENSOR_TO_MASTER_RX,335,SENSOR_TO_UAV,Sensor_75,UAV_2,1024,122654,122654,482186
2287.06,SENSOR_TO_MASTER_RX,335,SENSOR_TO_UAV,Sensor_75,UAV_2,1024,123678,123678,483210
2287.06,SENSOR_TO_MASTER_RX,335,SENSOR_TO_UAV,Sensor_75,UAV_2,1024,124702,124702,484234
2287.07,SENSOR_TO_MASTER_RX,335,SENSOR_TO_UAV,Sensor_75,UAV_2,166,124868,124868,484400
2290.14,SENSOR_TO_MASTER_RX,336,SENSOR_TO_UAV,Sensor_121,UAV_3,1024,93532,93532,485424
2290.14,SENSOR_TO_MASTER_RX,336,SENSOR_TO_UAV,Sensor_121,UAV_3,1024,94556,94556,486448
2290.15,SENSOR_TO_MASTER_RX,336,SENSOR_TO_UAV,Sensor_121,UAV_3,1024,95580,95580,487472
2290.15,SENSOR_TO_MASTER_RX,336,SENSOR_TO_UAV,Sensor_121,UAV_3,1024,96604,96604,488496
2290.16,SENSOR_TO_MASTER_RX,336,SENSOR_TO_UAV,Sensor_121,UAV_3,401,97005,97005,488897
2297.07,SLAVE_TO_MASTER_RX,338,SLAVE_TO_MASTER,UAV_0,UAV_1,1024,102883,102883,489921
2297.08,SLAVE_TO_MASTER_RX,338,SLAVE_TO_MASTER,UAV_0,UAV_1,1024,103907,103907,490945
2297.08,SLAVE_TO_MASTER_RX,338,SLAVE_TO_MASTER,UAV_0,UAV_1,1024,104931,104931,491969
2297.09,SLAVE_TO_MASTER_RX,338,SLAVE_TO_MASTER,UAV_0,UAV_1,1024,105955,105955,492993
2297.09,SLAVE_TO_MASTER_RX,338,SLAVE_TO_MASTER,UAV_0,UAV_1,679,106634,106634,493672
2300.2,SENSOR_TO_MASTER_RX,339,SENSOR_TO_UAV,Sensor_268,UAV_0,1024,166189,166189,494696
2300.2,SENSOR_TO_MASTER_RX,339,SENSOR_TO_UAV,Sensor_268,UAV_0,1024,167213,167213,495720
2300.21,SENSOR_TO_MASTER_RX,339,SENSOR_TO_UAV,Sensor_268,UAV_0,1024,168237,168237,496744
2300.21,SENSOR_TO_MASTER_RX,339,SENSOR_TO_UAV,Sensor_268,UAV_0,1024,169261,169261,497768
2300.22,SENSOR_TO_MASTER_RX,339,SENSOR_TO_UAV,Sensor_268,UAV_0,722,169983,169983,498490
2306.26,SLAVE_TO_MASTER_RX,343,SLAVE_TO_MASTER,UAV_1,UAV_0,1024,171007,171007,499514
2306.26,SLAVE_TO_MASTER_RX,343,SLAVE_TO_MASTER,UAV_1,UAV_0,1024,172031,172031,500538
2306.27,SLAVE_TO_MASTER_RX,343,SLAVE_TO_MASTER,UAV_1,UAV_0,1024,173055,173055,501562
2306.27,SLAVE_TO_MASTER_RX,343,SLAVE_TO_MASTER,UAV_1,UAV_0,1024,174079,174079,502586
2306.28,SLAVE_TO_MASTER_RX,343,SLAVE_TO_MASTER,UAV_1,UAV_0,1024,175103,175103,503610
2306.28,SLAVE_TO_MASTER_RX,343,SLAVE_TO_MASTER,UAV_1,UAV_0,306,175409,175409,503916
2306.89,SLAVE_TO_MASTER_RX,344,SLAVE_TO_MASTER,UAV_2,UAV_0,1024,176433,176433,504940
2306.89,SLAVE_TO_MASTER_RX,344,SLAVE_TO_MASTER,UAV_2,UAV_0,1024,177457,177457,505964
2306.89,SLAVE_TO_MASTER_RX,344,SLAVE_TO_MASTER,UAV_2,UAV_0,1024,178481,178481,506988
2306.9,SLAVE_TO_MASTER_RX,344,SLAVE_TO_MASTER,UAV_2,UAV_0,1024,179505,179505,508012
2306.9,SLAVE_TO_MASTER_RX,344,SLAVE_TO_MASTER,UAV_2,UAV_0,1024,180529,180529,509036
2306.91,SLAVE_TO_MASTER_RX,344,SLAVE_TO_MASTER,UAV_2,UAV_0,322,180851,180851,509358
2307.87,SLAVE_TO_MASTER_RX,345,SLAVE_TO_MASTER,UAV_3,UAV_0,1024,181875,181875,510382
2307.87,SLAVE_TO_MASTER_RX,345,SLAVE_TO_MASTER,UAV_3,UAV_0,1024,182899,182899,511406
2307.88,SLAVE_TO_MASTER_RX,345,SLAVE_TO_MASTER,UAV_3,UAV_0,1024,183923,183923,512430
2307.88,SLAVE_TO_MASTER_RX,345,SLAVE_TO_MASTER,UAV_3,UAV_0,1024,184947,184947,513454
2307.89,SLAVE_TO_MASTER_RX,345,SLAVE_TO_MASTER,UAV_3,UAV_0,233,185180,185180,513687
2313.59,SENSOR_TO_MASTER_RX,347,SENSOR_TO_UAV,Sensor_107,UAV_1,1024,107658,107658,514711
2313.59,SENSOR_TO_MASTER_RX,347,SENSOR_TO_UAV,Sensor_107,UAV_1,1024,108682,108682,515735
2313.59,SENSOR_TO_MASTER_RX,347,SENSOR_TO_UAV,Sensor_107,UAV_1,1024,109706,109706,516759
2313.6,SENSOR_TO_MASTER_RX,347,SENSOR_TO_UAV,Sensor_107,UAV_1,1024,110730,110730,517783
2313.6,SENSOR_TO_MASTER_RX,347,SENSOR_TO_UAV,Sensor_107,UAV_1,1024,111754,111754,518807
2313.61,SENSOR_TO_MASTER_RX,347,SENSOR_TO_UAV,Sensor_107,UAV_1,284,112038,112038,519091
2316.79,SLAVE_TO_MASTER_RX,348,SLAVE_TO_MASTER,UAV_0,UAV_1,1024,113062,113062,520115
2316.79,SLAVE_TO_MASTER_RX,348,SLAVE_TO_MASTER,UAV_0,UAV_1,1024,114086,114086,521139
2316.8,SLAVE_TO_MASTER_RX,348,SLAVE_TO_MASTER,UAV_0,UAV_1,1024,115110,115110,522163
2316.8,SLAVE_TO_MASTER_RX,348,SLAVE_TO_MASTER,UAV_0,UAV_1,1024,116134,116134,523187
2316.81,SLAVE_TO_MASTER_RX,348,SLAVE_TO_MASTER,UAV_0,UAV_1,733,116867,116867,523920
2326.79,SENSOR_TO_MASTER_RX,349,SENSOR_TO_UAV,Sensor_212,UAV_2,1024,125892,125892,524944
2326.79,SENSOR_TO_MASTER_RX,349,SENSOR_TO_UAV,Sensor_212,UAV_2,1024,126916,126916,525968
2326.79,SENSOR_TO_MASTER_RX,349,SENSOR_TO_UAV,Sensor_212,UAV_2,1024,127940,127940,526992
2326.8,SENSOR_TO_MASTER_RX,349,SENSOR_TO_UAV,Sensor_212,UAV_2,398,128338,128338,527390
2335.27,SENSOR_TO_MASTER_RX,350,SENSOR_TO_UAV,Sensor_136,UAV_0,1024,186204,186204,528414
2335.27,SENSOR_TO_MASTER_RX,350,SENSOR_TO_UAV,Sensor_136,UAV_0,1024,187228,187228,529438
2335.27,SENSOR_TO_MASTER_RX,350,SENSOR_TO_UAV,Sensor_136,UAV_0,1024,188252,188252,530462
2335.27,SENSOR_TO_MASTER_RX,350,SENSOR_TO_UAV,Sensor_136,UAV_0,201,188453,188453,530663
2340.5,SLAVE_TO_MASTER_RX,354,SLAVE_TO_MASTER,UAV_1,UAV_0,1024,189477,189477,531687
2340.5,SLAVE_TO_MASTER_RX,354,SLAVE_TO_MASTER,UAV_1,UAV_0,1024,190501,190501,532711
2340.51,SLAVE_TO_MASTER_RX,354,SLAVE_TO_MASTER,UAV_1,UAV_0,1024,191525,191525,533735
2340.51,SLAVE_TO_MASTER_RX,354,SLAVE_TO_MASTER,UAV_1,UAV_0,1024,192549,192549,534759
2340.52,SLAVE_TO_MASTER_RX,354,SLAVE_TO_MASTER,UAV_1,UAV_0,637,193186,193186,535396
2341.81,SLAVE_TO_MASTER_RX,355,SLAVE_TO_MASTER,UAV_2,UAV_0,1024,194210,194210,536420
2341.81,SLAVE_TO_MASTER_RX,355,SLAVE_TO_MASTER,UAV_2,UAV_0,1024,195234,195234,537444
2341.82,SLAVE_TO_MASTER_RX,355,SLAVE_TO_MASTER,UAV_2,UAV_0,1024,196258,196258,538468
2341.82,SLAVE_TO_MASTER_RX,355,SLAVE_TO_MASTER,UAV_2,UAV_0,1024,197282,197282,539492
2341.83,SLAVE_TO_MASTER_RX,355,SLAVE_TO_MASTER,UAV_2,UAV_0,176,197458,197458,539668
2342.04,SLAVE_TO_MASTER_RX,356,SLAVE_TO_MASTER,UAV_3,UAV_0,1024,198482,198482,540692
2342.04,SLAVE_TO_MASTER_RX,356,SLAVE_TO_MASTER,UAV_3,UAV_0,1024,199506,199506,541716
2342.05,SLAVE_TO_MASTER_RX,356,SLAVE_TO_MASTER,UAV_3,UAV_0,1024,200530,200530,542740
2342.05,SLAVE_TO_MASTER_RX,356,SLAVE_TO_MASTER,UAV_3,UAV_0,1024,201554,201554,543764
2342.05,SLAVE_TO_MASTER_RX,356,SLAVE_TO_MASTER,UAV_3,UAV_0,23,201577,201577,543787
2346,SENSOR_TO_MASTER_RX,357,SENSOR_TO_UAV,Sensor_34,UAV_3,1024,98029,98029,544811
2346.01,SENSOR_TO_MASTER_RX,357,SENSOR_TO_UAV,Sensor_34,UAV_3,1024,99053,99053,545835
2346.01,SENSOR_TO_MASTER_RX,357,SENSOR_TO_UAV,Sensor_34,UAV_3,1024,100077,100077,546859
2346.02,SENSOR_TO_MASTER_RX,357,SENSOR_TO_UAV,Sensor_34,UAV_3,1024,101101,101101,547883
2346.02,SENSOR_TO_MASTER_RX,357,SENSOR_TO_UAV,Sensor_34,UAV_3,1024,102125,102125,548907
2346.03,SENSOR_TO_MASTER_RX,357,SENSOR_TO_UAV,Sensor_34,UAV_3,82,102207,102207,548989
2352.42,SLAVE_TO_MASTER_RX,359,SLAVE_TO_MASTER,UAV_0,UAV_3,1024,103231,103231,550013
2352.42,SLAVE_TO_MASTER_RX,359,SLAVE_TO_MASTER,UAV_0,UAV_3,1024,104255,104255,551037
2352.43,SLAVE_TO_MASTER_RX,359,SLAVE_TO_MASTER,UAV_0,UAV_3,1024,105279,105279,552061
2352.43,SLAVE_TO_MASTER_RX,359,SLAVE_TO_MASTER,UAV_0,UAV_3,692,105971,105971,552753
2359.12,SENSOR_TO_MASTER_RX,360,SENSOR_TO_UAV,Sensor_190,UAV_1,1024,117891,117891,553777
2359.12,SENSOR_TO_MASTER_RX,360,SENSOR_TO_UAV,Sensor_190,UAV_1,1024,118915,118915,554801
2359.13,SENSOR_TO_MASTER_RX,360,SENSOR_TO_UAV,Sensor_190,UAV_1,1024,119939,119939,555825
2359.13,SENSOR_TO_MASTER_RX,360,SENSOR_TO_UAV,Sensor_190,UAV_1,1024,120963,120963,556849
2359.14,SENSOR_TO_MASTER_RX,360,SENSOR_TO_UAV,Sensor_190,UAV_1,960,121923,121923,557809
2368.16,SLAVE_TO_MASTER_RX,362,SLAVE_TO_MASTER,UAV_2,UAV_1,1024,122947,122947,558833
2368.17,SLAVE_TO_MASTER_RX,362,SLAVE_TO_MASTER,UAV_2,UAV_1,1024,123971,123971,559857
2368.17,SLAVE_TO_MASTER_RX,362,SLAVE_TO_MASTER,UAV_2,UAV_1,1024,124995,124995,560881
2368.17,SLAVE_TO_MASTER_RX,362,SLAVE_TO_MASTER,UAV_2,UAV_1,1024,126019,126019,561905
2368.18,SLAVE_TO_MASTER_RX,362,SLAVE_TO_MASTER,UAV_2,UAV_1,590,126609,126609,562495
2381.43,SENSOR_TO_MASTER_RX,364,SENSOR_TO_UAV,Sensor_42,UAV_0,1024,202601,202601,563519
2381.43,SENSOR_TO_MASTER_RX,364,SENSOR_TO_UAV,Sensor_42,UAV_0,1024,203625,203625,564543
2381.44,SENSOR_TO_MASTER_RX,364,SENSOR_TO_UAV,Sensor_42,UAV_0,1024,204649,204649,565567
2381.44,SENSOR_TO_MASTER_RX,364,SENSOR_TO_UAV,Sensor_42,UAV_0,1024,205673,205673,566591
2381.45,SENSOR_TO_MASTER_RX,364,SENSOR_TO_UAV,Sensor_42,UAV_0,234,205907,205907,566825
2384.45,SLAVE_TO_MASTER_RX,365,SLAVE_TO_MASTER,UAV_1,UAV_0,1024,206931,206931,567849
2384.45,SLAVE_TO_MASTER_RX,365,SLAVE_TO_MASTER,UAV_1,UAV_0,1024,207955,207955,568873
2384.46,SLAVE_TO_MASTER_RX,365,SLAVE_TO_MASTER,UAV_1,UAV_0,1024,208979,208979,569897
2384.46,SLAVE_TO_MASTER_RX,365,SLAVE_TO_MASTER,UAV_1,UAV_0,1024,210003,210003,570921
2384.47,SLAVE_TO_MASTER_RX,365,SLAVE_TO_MASTER,UAV_1,UAV_0,1024,211027,211027,571945
2384.47,SLAVE_TO_MASTER_RX,365,SLAVE_TO_MASTER,UAV_1,UAV_0,337,211364,211364,572282
2388.09,SLAVE_TO_MASTER_RX,368,SLAVE_TO_MASTER,UAV_2,UAV_0,1024,212388,212388,573306
2388.09,SLAVE_TO_MASTER_RX,368,SLAVE_TO_MASTER,UAV_2,UAV_0,1024,213412,213412,574330
2388.1,SLAVE_TO_MASTER_RX,368,SLAVE_TO_MASTER,UAV_2,UAV_0,1024,214436,214436,575354
2388.1,SLAVE_TO_MASTER_RX,368,SLAVE_TO_MASTER,UAV_2,UAV_0,1024,215460,215460,576378
2388.11,SLAVE_TO_MASTER_RX,368,SLAVE_TO_MASTER,UAV_2,UAV_0,361,215821,215821,576739
2388.59,SLAVE_TO_MASTER_RX,369,SLAVE_TO_MASTER,UAV_3,UAV_0,1024,216845,216845,577763
2388.59,SLAVE_TO_MASTER_RX,369,SLAVE_TO_MASTER,UAV_3,UAV_0,1024,217869,217869,578787
2388.6,SLAVE_TO_MASTER_RX,369,SLAVE_TO_MASTER,UAV_3,UAV_0,1024,218893,218893,579811
2388.6,SLAVE_TO_MASTER_RX,369,SLAVE_TO_MASTER,UAV_3,UAV_0,537,219430,219430,580348
2398.15,SLAVE_TO_MASTER_RX,371,SLAVE_TO_MASTER,UAV_0,UAV_1,1024,127633,127633,581372
2398.16,SLAVE_TO_MASTER_RX,371,SLAVE_TO_MASTER,UAV_0,UAV_1,1024,128657,128657,582396
2398.16,SLAVE_TO_MASTER_RX,371,SLAVE_TO_MASTER,UAV_0,UAV_1,1024,129681,129681,583420
2398.17,SLAVE_TO_MASTER_RX,371,SLAVE_TO_MASTER,UAV_0,UAV_1,1024,130705,130705,584444
2398.17,SLAVE_TO_MASTER_RX,371,SLAVE_TO_MASTER,UAV_0,UAV_1,785,131490,131490,585229
2399.49,SENSOR_TO_MASTER_RX,373,SENSOR_TO_UAV,Sensor_357,UAV_1,1024,132514,132514,586253
2399.49,SENSOR_TO_MASTER_RX,373,SENSOR_TO_UAV,Sensor_357,UAV_1,1024,133538,133538,587277
2399.49,SENSOR_TO_MASTER_RX,373,SENSOR_TO_UAV,Sensor_357,UAV_1,1024,134562,134562,588301
2399.5,SENSOR_TO_MASTER_RX,373,SENSOR_TO_UAV,Sensor_357,UAV_1,1024,135586,135586,589325
2399.5,SENSOR_TO_MASTER_RX,373,SENSOR_TO_UAV,Sensor_357,UAV_1,305,135891,135891,589630
2402.22,SLAVE_TO_MASTER_RX,374,SLAVE_TO_MASTER,UAV_2,UAV_1,1024,136915,136915,590654
2402.23,SLAVE_TO_MASTER_RX,374,SLAVE_TO_MASTER,UAV_2,UAV_1,1024,137939,137939,591678
2402.23,SLAVE_TO_MASTER_RX,374,SLAVE_TO_MASTER,UAV_2,UAV_1,1024,138963,138963,592702
2402.24,SLAVE_TO_MASTER_RX,374,SLAVE_TO_MASTER,UAV_2,UAV_1,1024,139987,139987,593726
2402.24,SLAVE_TO_MASTER_RX,374,SLAVE_TO_MASTER,UAV_2,UAV_1,693,140680,140680,594419
2412.19,SENSOR_TO_MASTER_RX,375,SENSOR_TO_UAV,Sensor_37,UAV_1,1024,141704,141704,595443
2412.2,SENSOR_TO_MASTER_RX,375,SENSOR_TO_UAV,Sensor_37,UAV_1,1024,142728,142728,596467
2412.2,SENSOR_TO_MASTER_RX,375,SENSOR_TO_UAV,Sensor_37,UAV_1,1024,143752,143752,597491
2412.2,SENSOR_TO_MASTER_RX,375,SENSOR_TO_UAV,Sensor_37,UAV_1,1024,144776,144776,598515
2412.21,SENSOR_TO_MASTER_RX,375,SENSOR_TO_UAV,Sensor_37,UAV_1,353,145129,145129,598868
2415.44,SLAVE_TO_MASTER_RX,378,SLAVE_TO_MASTER,UAV_0,UAV_1,1024,146153,146153,599892
2415.44,SLAVE_TO_MASTER_RX,378,SLAVE_TO_MASTER,UAV_0,UAV_1,1024,147177,147177,600916
2415.45,SLAVE_TO_MASTER_RX,378,SLAVE_TO_MASTER,UAV_0,UAV_1,1024,148201,148201,601940
2415.45,SLAVE_TO_MASTER_RX,378,SLAVE_TO_MASTER,UAV_0,UAV_1,847,149048,149048,602787
2416.86,SLAVE_TO_MASTER_RX,380,SLAVE_TO_MASTER,UAV_2,UAV_1,1024,150072,150072,603811
2416.87,SLAVE_TO_MASTER_RX,380,SLAVE_TO_MASTER,UAV_2,UAV_1,1024,151096,151096,604835
2416.87,SLAVE_TO_MASTER_RX,380,SLAVE_TO_MASTER,UAV_2,UAV_1,1024,152120,152120,605859
2416.88,SLAVE_TO_MASTER_RX,380,SLAVE_TO_MASTER,UAV_2,UAV_1,857,152977,152977,606716
2419.38,SLAVE_TO_MASTER_RX,381,SLAVE_TO_MASTER,UAV_3,UAV_1,1024,154001,154001,607740
2419.38,SLAVE_TO_MASTER_RX,381,SLAVE_TO_MASTER,UAV_3,UAV_1,1024,155025,155025,608764
2419.38,SLAVE_TO_MASTER_RX,381,SLAVE_TO_MASTER,UAV_3,UAV_1,1024,156049,156049,609788
2419.39,SLAVE_TO_MASTER_RX,381,SLAVE_TO_MASTER,UAV_3,UAV_1,1024,157073,157073,610812
2419.39,SLAVE_TO_MASTER_RX,381,SLAVE_TO_MASTER,UAV_3,UAV_1,876,157949,157949,611688
2423.7,SENSOR_TO_MASTER_RX,383,SENSOR_TO_UAV,Sensor_250,UAV_1,1024,158973,158973,612712
2423.7,SENSOR_TO_MASTER_RX,383,SENSOR_TO_UAV,Sensor_250,UAV_1,1024,159997,159997,613736
2423.7,SENSOR_TO_MASTER_RX,383,SENSOR_TO_UAV,Sensor_250,UAV_1,1024,161021,161021,614760
2423.71,SENSOR_TO_MASTER_RX,383,SENSOR_TO_UAV,Sensor_250,UAV_1,1024,162045,162045,615784
2423.71,SENSOR_TO_MASTER_RX,383,SENSOR_TO_UAV,Sensor_250,UAV_1,1024,163069,163069,616808
2423.71,SENSOR_TO_MASTER_RX,383,SENSOR_TO_UAV,Sensor_250,UAV_1,235,163304,163304,617043
2426.19,SLAVE_TO_MASTER_RX,384,SLAVE_TO_MASTER,UAV_3,UAV_1,1024,164328,164328,618067
2426.2,SLAVE_TO_MASTER_RX,384,SLAVE_TO_MASTER,UAV_3,UAV_1,1024,165352,165352,619091
2426.2,SLAVE_TO_MASTER_RX,384,SLAVE_TO_MASTER,UAV_3,UAV_1,1024,166376,166376,620115
2426.21,SLAVE_TO_MASTER_RX,384,SLAVE_TO_MASTER,UAV_3,UAV_1,1024,167400,167400,621139
2426.21,SLAVE_TO_MASTER_RX,384,SLAVE_TO_MASTER,UAV_3,UAV_1,1024,168424,168424,622163
2426.22,SLAVE_TO_MASTER_RX,384,SLAVE_TO_MASTER,UAV_3,UAV_1,176,168600,168600,622339
2429.11,SENSOR_TO_MASTER_RX,385,SENSOR_TO_UAV,Sensor_5,UAV_0,1024,220454,220454,623363
2429.11,SENSOR_TO_MASTER_RX,385,SENSOR_TO_UAV,Sensor_5,UAV_0,1024,221478,221478,624387
2429.12,SENSOR_TO_MASTER_RX,385,SENSOR_TO_UAV,Sensor_5,UAV_0,1024,222502,222502,625411
2429.12,SENSOR_TO_MASTER_RX,385,SENSOR_TO_UAV,Sensor_5,UAV_0,1024,223526,223526,626435
2429.12,SENSOR_TO_MASTER_RX,385,SENSOR_TO_UAV,Sensor_5,UAV_0,354,223880,223880,626789
2451.73,SLAVE_TO_MASTER_RX,387,SLAVE_TO_MASTER,UAV_3,UAV_0,1024,224904,224904,627813
2451.73,SLAVE_TO_MASTER_RX,387,SLAVE_TO_MASTER,UAV_3,UAV_0,1024,225928,225928,628837
2451.74,SLAVE_TO_MASTER_RX,387,SLAVE_TO_MASTER,UAV_3,UAV_0,1024,226952,226952,629861
2451.74,SLAVE_TO_MASTER_RX,387,SLAVE_TO_MASTER,UAV_3,UAV_0,1024,227976,227976,630885
2451.75,SLAVE_TO_MASTER_RX,387,SLAVE_TO_MASTER,UAV_3,UAV_0,180,228156,228156,631065
2452.72,SENSOR_TO_MASTER_RX,388,SENSOR_TO_UAV,Sensor_248,UAV_0,1024,229180,229180,632089
2452.72,SENSOR_TO_MASTER_RX,388,SENSOR_TO_UAV,Sensor_248,UAV_0,1024,230204,230204,633113
2452.72,SENSOR_TO_MASTER_RX,388,SENSOR_TO_UAV,Sensor_248,UAV_0,1024,231228,231228,634137
2452.73,SENSOR_TO_MASTER_RX,388,SENSOR_TO_UAV,Sensor_248,UAV_0,1024,232252,232252,635161
2452.73,SENSOR_TO_MASTER_RX,388,SENSOR_TO_UAV,Sensor_248,UAV_0,1024,233276,233276,636185
2452.74,SENSOR_TO_MASTER_RX,388,SENSOR_TO_UAV,Sensor_248,UAV_0,24,233300,233300,636209
2453.31,SENSOR_TO_MASTER_RX,389,SENSOR_TO_UAV,Sensor_325,UAV_3,1024,106995,106995,637233
2453.31,SENSOR_TO_MASTER_RX,389,SENSOR_TO_UAV,Sensor_325,UAV_3,1024,108019,108019,638257
2453.31,SENSOR_TO_MASTER_RX,389,SENSOR_TO_UAV,Sensor_325,UAV_3,1024,109043,109043,639281
2453.32,SENSOR_TO_MASTER_RX,389,SENSOR_TO_UAV,Sensor_325,UAV_3,1024,110067,110067,640305
2453.32,SENSOR_TO_MASTER_RX,389,SENSOR_TO_UAV,Sensor_325,UAV_3,273,110340,110340,640578
2456.16,SLAVE_TO_MASTER_RX,392,SLAVE_TO_MASTER,UAV_2,UAV_0,1024,234324,234324,641602
2456.17,SLAVE_TO_MASTER_RX,392,SLAVE_TO_MASTER,UAV_2,UAV_0,1024,235348,235348,642626
2456.17,SLAVE_TO_MASTER_RX,392,SLAVE_TO_MASTER,UAV_2,UAV_0,1024,236372,236372,643650
2456.17,SLAVE_TO_MASTER_RX,392,SLAVE_TO_MASTER,UAV_2,UAV_0,330,236702,236702,643980
2458.49,SLAVE_TO_MASTER_RX,393,SLAVE_TO_MASTER,UAV_1,UAV_0,1024,237726,237726,645004
2458.49,SLAVE_TO_MASTER_RX,393,SLAVE_TO_MASTER,UAV_1,UAV_0,1024,238750,238750,646028
2458.5,SLAVE_TO_MASTER_RX,393,SLAVE_TO_MASTER,UAV_1,UAV_0,1024,239774,239774,647052
2458.5,SLAVE_TO_MASTER_RX,393,SLAVE_TO_MASTER,UAV_1,UAV_0,1024,240798,240798,648076
2458.51,SLAVE_TO_MASTER_RX,393,SLAVE_TO_MASTER,UAV_1,UAV_0,556,241354,241354,648632
2465.65,SENSOR_TO_MASTER_RX,394,SENSOR_TO_UAV,Sensor_184,UAV_0,1024,242378,242378,649656
2465.65,SENSOR_TO_MASTER_RX,394,SENSOR_TO_UAV,Sensor_184,UAV_0,1024,243402,243402,650680
2465.65,SENSOR_TO_MASTER_RX,394,SENSOR_TO_UAV,Sensor_184,UAV_0,1024,244426,244426,651704
2465.66,SENSOR_TO_MASTER_RX,394,SENSOR_TO_UAV,Sensor_184,UAV_0,1024,245450,245450,652728
2465.66,SENSOR_TO_MASTER_RX,394,SENSOR_TO_UAV,Sensor_184,UAV_0,311,245761,245761,653039
2471.19,SENSOR_TO_MASTER_RX,395,SENSOR_TO_UAV,Sensor_264,UAV_1,1024,169624,169624,654063
2471.19,SENSOR_TO_MASTER_RX,395,SENSOR_TO_UAV,Sensor_264,UAV_1,1024,170648,170648,655087
2471.19,SENSOR_TO_MASTER_RX,395,SENSOR_TO_UAV,Sensor_264,UAV_1,1024,171672,171672,656111
2471.19,SENSOR_TO_MASTER_RX,395,SENSOR_TO_UAV,Sensor_264,UAV_1,1024,172696,172696,657135
2471.2,SENSOR_TO_MASTER_RX,395,SENSOR_TO_UAV,Sensor_264,UAV_1,1024,173720,173720,658159
2471.2,SENSOR_TO_MASTER_RX,395,SENSOR_TO_UAV,Sensor_264,UAV_1,151,173871,173871,658310
2484.31,SENSOR_TO_MASTER_RX,396,SENSOR_TO_UAV,Sensor_330,UAV_1,1024,174895,174895,659334
2484.31,SENSOR_TO_MASTER_RX,396,SENSOR_TO_UAV,Sensor_330,UAV_1,1024,175919,175919,660358
2484.31,SENSOR_TO_MASTER_RX,396,SENSOR_TO_UAV,Sensor_330,UAV_1,1024,176943,176943,661382
2484.32,SENSOR_TO_MASTER_RX,396,SENSOR_TO_UAV,Sensor_330,UAV_1,1024,177967,177967,662406
2484.32,SENSOR_TO_MASTER_RX,396,SENSOR_TO_UAV,Sensor_330,UAV_1,860,178827,178827,663266
2490.5,SLAVE_TO_MASTER_RX,398,SLAVE_TO_MASTER,UAV_0,UAV_1,1024,179851,179851,664290
2490.5,SLAVE_TO_MASTER_RX,398,SLAVE_TO_MASTER,UAV_0,UAV_1,1024,180875,180875,665314
2490.51,SLAVE_TO_MASTER_RX,398,SLAVE_TO_MASTER,UAV_0,UAV_1,1024,181899,181899,666338
2490.51,SLAVE_TO_MASTER_RX,398,SLAVE_TO_MASTER,UAV_0,UAV_1,723,182622,182622,667061
2495.91,SLAVE_TO_MASTER_RX,401,SLAVE_TO_MASTER,UAV_2,UAV_1,1024,183646,183646,668085
2495.91,SLAVE_TO_MASTER_RX,401,SLAVE_TO_MASTER,UAV_2,UAV_1,1024,184670,184670,669109
2495.92,SLAVE_TO_MASTER_RX,401,SLAVE_TO_MASTER,UAV_2,UAV_1,1024,185694,185694,670133
2495.92,SLAVE_TO_MASTER_RX,401,SLAVE_TO_MASTER,UAV_2,UAV_1,1024,186718,186718,671157
2495.93,SLAVE_TO_MASTER_RX,401,SLAVE_TO_MASTER,UAV_2,UAV_1,566,187284,187284,671723
2497.1,SENSOR_TO_MASTER_RX,402,SENSOR_TO_UAV,Sensor_385,UAV_0,1024,246785,246785,672747
2497.1,SENSOR_TO_MASTER_RX,402,SENSOR_TO_UAV,Sensor_385,UAV_0,1024,247809,247809,673771
2497.1,SENSOR_TO_MASTER_RX,402,SENSOR_TO_UAV,Sensor_385,UAV_0,1024,248833,248833,674795
2497.11,SENSOR_TO_MASTER_RX,402,SENSOR_TO_UAV,Sensor_385,UAV_0,1024,249857,249857,675819
2497.11,SENSOR_TO_MASTER_RX,402,SENSOR_TO_UAV,Sensor_385,UAV_0,904,250761,250761,676723
2497.17,SLAVE_TO_MASTER_RX,403,SLAVE_TO_MASTER,UAV_3,UAV_1,1024,188308,188308,677747
2497.18,SLAVE_TO_MASTER_RX,403,SLAVE_TO_MASTER,UAV_3,UAV_1,1024,189332,189332,678771
2497.18,SLAVE_TO_MASTER_RX,403,SLAVE_TO_MASTER,UAV_3,UAV_1,1024,190356,190356,679795
2497.19,SLAVE_TO_MASTER_RX,403,SLAVE_TO_MASTER,UAV_3,UAV_1,1024,191380,191380,680819
2497.19,SLAVE_TO_MASTER_RX,403,SLAVE_TO_MASTER,UAV_3,UAV_1,486,191866,191866,681305
2505.2,SENSOR_TO_MASTER_RX,404,SENSOR_TO_UAV,Sensor_249,UAV_3,1024,111364,111364,682329
2505.2,SENSOR_TO_MASTER_RX,404,SENSOR_TO_UAV,Sensor_249,UAV_3,1024,112388,112388,683353
2505.2,SENSOR_TO_MASTER_RX,404,SENSOR_TO_UAV,Sensor_249,UAV_3,1024,113412,113412,684377
2505.21,SENSOR_TO_MASTER_RX,404,SENSOR_TO_UAV,Sensor_249,UAV_3,1024,114436,114436,685401
2505.21,SENSOR_TO_MASTER_RX,404,SENSOR_TO_UAV,Sensor_249,UAV_3,687,115123,115123,686088
2506.61,SENSOR_TO_MASTER_RX,405,SENSOR_TO_UAV,Sensor_479,UAV_1,1024,192890,192890,687112
2506.61,SENSOR_TO_MASTER_RX,405,SENSOR_TO_UAV,Sensor_479,UAV_1,1024,193914,193914,688136
2506.62,SENSOR_TO_MASTER_RX,405,SENSOR_TO_UAV,Sensor_479,UAV_1,1024,194938,194938,689160
2506.62,SENSOR_TO_MASTER_RX,405,SENSOR_TO_UAV,Sensor_479,UAV_1,1024,195962,195962,690184
2506.62,SENSOR_TO_MASTER_RX,405,SENSOR_TO_UAV,Sensor_479,UAV_1,110,196072,196072,690294
2523.31,SENSOR_TO_MASTER_RX,406,SENSOR_TO_UAV,Sensor_361,UAV_0,1024,251785,251785,691318
2523.31,SENSOR_TO_MASTER_RX,406,SENSOR_TO_UAV,Sensor_361,UAV_0,1024,252809,252809,692342
2523.31,SENSOR_TO_MASTER_RX,406,SENSOR_TO_UAV,Sensor_361,UAV_0,1024,253833,253833,693366
2523.32,SENSOR_TO_MASTER_RX,406,SENSOR_TO_UAV,Sensor_361,UAV_0,1024,254857,254857,694390
2523.32,SENSOR_TO_MASTER_RX,406,SENSOR_TO_UAV,Sensor_361,UAV_0,773,255630,255630,695163
2528.84,SLAVE_TO_MASTER_RX,409,SLAVE_TO_MASTER,UAV_3,UAV_0,1024,256654,256654,696187
2528.84,SLAVE_TO_MASTER_RX,409,SLAVE_TO_MASTER,UAV_3,UAV_0,1024,257678,257678,697211
2528.84,SLAVE_TO_MASTER_RX,409,SLAVE_TO_MASTER,UAV_3,UAV_0,1024,258702,258702,698235
2528.85,SLAVE_TO_MASTER_RX,409,SLAVE_TO_MASTER,UAV_3,UAV_0,1024,259726,259726,699259
2528.85,SLAVE_TO_MASTER_RX,409,SLAVE_TO_MASTER,UAV_3,UAV_0,279,260005,260005,699538
2531.42,SLAVE_TO_MASTER_RX,411,SLAVE_TO_MASTER,UAV_2,UAV_0,1024,261029,261029,700562
2531.43,SLAVE_TO_MASTER_RX,411,SLAVE_TO_MASTER,UAV_2,UAV_0,1024,262053,262053,701586
2531.43,SLAVE_TO_MASTER_RX,411,SLAVE_TO_MASTER,UAV_2,UAV_0,1024,263077,263077,702610
2531.44,SLAVE_TO_MASTER_RX,411,SLAVE_TO_MASTER,UAV_2,UAV_0,1024,264101,264101,703634
2531.44,SLAVE_TO_MASTER_RX,411,SLAVE_TO_MASTER,UAV_2,UAV_0,178,264279,264279,703812
2531.62,SENSOR_TO_MASTER_RX,412,SENSOR_TO_UAV,Sensor_391,UAV_0,1024,265303,265303,704836
2531.62,SENSOR_TO_MASTER_RX,412,SENSOR_TO_UAV,Sensor_391,UAV_0,1024,266327,266327,705860
2531.63,SENSOR_TO_MASTER_RX,412,SENSOR_TO_UAV,Sensor_391,UAV_0,1024,267351,267351,706884
2531.63,SENSOR_TO_MASTER_RX,412,SENSOR_TO_UAV,Sensor_391,UAV_0,1024,268375,268375,707908
2531.63,SENSOR_TO_MASTER_RX,412,SENSOR_TO_UAV,Sensor_391,UAV_0,444,268819,268819,708352
2533.68,SLAVE_TO_MASTER_RX,413,SLAVE_TO_MASTER,UAV_1,UAV_0,1024,269843,269843,709376
2533.68,SLAVE_TO_MASTER_RX,413,SLAVE_TO_MASTER,UAV_1,UAV_0,1024,270867,270867,710400
2533.69,SLAVE_TO_MASTER_RX,413,SLAVE_TO_MASTER,UAV_1,UAV_0,1024,271891,271891,711424
2533.69,SLAVE_TO_MASTER_RX,413,SLAVE_TO_MASTER,UAV_1,UAV_0,1024,272915,272915,712448
2533.7,SLAVE_TO_MASTER_RX,413,SLAVE_TO_MASTER,UAV_1,UAV_0,417,273332,273332,712865
2542.74,SLAVE_TO_MASTER_RX,415,SLAVE_TO_MASTER,UAV_3,UAV_0,1024,274356,274356,713889
2542.74,SLAVE_TO_MASTER_RX,415,SLAVE_TO_MASTER,UAV_3,UAV_0,1024,275380,275380,714913
2542.75,SLAVE_TO_MASTER_RX,415,SLAVE_TO_MASTER,UAV_3,UAV_0,1024,276404,276404,715937
2542.75,SLAVE_TO_MASTER_RX,415,SLAVE_TO_MASTER,UAV_3,UAV_0,549,276953,276953,716486
2550.3,SLAVE_TO_MASTER_RX,417,SLAVE_TO_MASTER,UAV_1,UAV_0,1024,277977,277977,717510
2550.3,SLAVE_TO_MASTER_RX,417,SLAVE_TO_MASTER,UAV_1,UAV_0,1024,279001,279001,718534
2550.31,SLAVE_TO_MASTER_RX,417,SLAVE_TO_MASTER,UAV_1,UAV_0,1024,280025,280025,719558
2550.31,SLAVE_TO_MASTER_RX,417,SLAVE_TO_MASTER,UAV_1,UAV_0,1024,281049,281049,720582
2550.31,SLAVE_TO_MASTER_RX,417,SLAVE_TO_MASTER,UAV_1,UAV_0,890,281939,281939,721472
2552.56,SENSOR_TO_MASTER_RX,418,SENSOR_TO_UAV,Sensor_150,UAV_2,1024,129362,129362,722496
2552.57,SENSOR_TO_MASTER_RX,418,SENSOR_TO_UAV,Sensor_150,UAV_2,1024,130386,130386,723520
2552.57,SENSOR_TO_MASTER_RX,418,SENSOR_TO_UAV,Sensor_150,UAV_2,1024,131410,131410,724544
2552.57,SENSOR_TO_MASTER_RX,418,SENSOR_TO_UAV,Sensor_150,UAV_2,1024,132434,132434,725568
2552.57,SENSOR_TO_MASTER_RX,418,SENSOR_TO_UAV,Sensor_150,UAV_2,273,132707,132707,725841
2567.79,SLAVE_TO_MASTER_RX,420,SLAVE_TO_MASTER,UAV_1,UAV_0,1024,282963,282963,726865
2567.79,SLAVE_TO_MASTER_RX,420,SLAVE_TO_MASTER,UAV_1,UAV_0,1024,283987,283987,727889
2567.8,SLAVE_TO_MASTER_RX,420,SLAVE_TO_MASTER,UAV_1,UAV_0,1024,285011,285011,728913
2567.8,SLAVE_TO_MASTER_RX,420,SLAVE_TO_MASTER,UAV_1,UAV_0,1024,286035,286035,729937
2567.81,SLAVE_TO_MASTER_RX,420,SLAVE_TO_MASTER,UAV_1,UAV_0,215,286250,286250,730152
2568.69,SENSOR_TO_MASTER_RX,421,SENSOR_TO_UAV,Sensor_257,UAV_0,1024,287274,287274,731176
2568.69,SENSOR_TO_MASTER_RX,421,SENSOR_TO_UAV,Sensor_257,UAV_0,1024,288298,288298,732200
2568.69,SENSOR_TO_MASTER_RX,421,SENSOR_TO_UAV,Sensor_257,UAV_0,1024,289322,289322,733224
2568.69,SENSOR_TO_MASTER_RX,421,SENSOR_TO_UAV,Sensor_257,UAV_0,917,290239,290239,734141
2571.84,SLAVE_TO_MASTER_RX,423,SLAVE_TO_MASTER,UAV_2,UAV_0,1024,291263,291263,735165
2571.85,SLAVE_TO_MASTER_RX,423,SLAVE_TO_MASTER,UAV_2,UAV_0,1024,292287,292287,736189
2571.85,SLAVE_TO_MASTER_RX,423,SLAVE_TO_MASTER,UAV_2,UAV_0,1024,293311,293311,737213
2571.86,SLAVE_TO_MASTER_RX,423,SLAVE_TO_MASTER,UAV_2,UAV_0,955,294266,294266,738168
2572.68,SENSOR_TO_MASTER_RX,424,SENSOR_TO_UAV,Sensor_451,UAV_1,1024,197096,197096,739192
2572.68,SENSOR_TO_MASTER_RX,424,SENSOR_TO_UAV,Sensor_451,UAV_1,1024,198120,198120,740216
2572.68,SENSOR_TO_MASTER_RX,424,SENSOR_TO_UAV,Sensor_451,UAV_1,1024,199144,199144,741240
2572.68,SENSOR_TO_MASTER_RX,424,SENSOR_TO_UAV,Sensor_451,UAV_1,1024,200168,200168,742264
2572.69,SENSOR_TO_MASTER_RX,424,SENSOR_TO_UAV,Sensor_451,UAV_1,754,200922,200922,743018
2578.36,SLAVE_TO_MASTER_RX,426,SLAVE_TO_MASTER,UAV_3,UAV_0,1024,295290,295290,744042
2578.37,SLAVE_TO_MASTER_RX,426,SLAVE_TO_MASTER,UAV_3,UAV_0,1024,296314,296314,745066
2578.37,SLAVE_TO_MASTER_RX,426,SLAVE_TO_MASTER,UAV_3,UAV_0,1024,297338,297338,746090
2578.38,SLAVE_TO_MASTER_RX,426,SLAVE_TO_MASTER,UAV_3,UAV_0,1024,298362,298362,747114
2578.38,SLAVE_TO_MASTER_RX,426,SLAVE_TO_MASTER,UAV_3,UAV_0,666,299028,299028,747780
2584.26,SENSOR_TO_MASTER_RX,427,SENSOR_TO_UAV,Sensor_312,UAV_3,1024,116147,116147,748804
2584.26,SENSOR_TO_MASTER_RX,427,SENSOR_TO_UAV,Sensor_312,UAV_3,1024,117171,117171,749828
2584.26,SENSOR_TO_MASTER_RX,427,SENSOR_TO_UAV,Sensor_312,UAV_3,1024,118195,118195,750852
2584.27,SENSOR_TO_MASTER_RX,427,SENSOR_TO_UAV,Sensor_312,UAV_3,1024,119219,119219,751876
2584.27,SENSOR_TO_MASTER_RX,427,SENSOR_TO_UAV,Sensor_312,UAV_3,738,119957,119957,752614
2592.03,SENSOR_TO_MASTER_RX,428,SENSOR_TO_UAV,Sensor_1,UAV_0,1024,300052,300052,753638
2592.03,SENSOR_TO_MASTER_RX,428,SENSOR_TO_UAV,Sensor_1,UAV_0,1024,301076,301076,754662
2592.03,SENSOR_TO_MASTER_RX,428,SENSOR_TO_UAV,Sensor_1,UAV_0,1024,302100,302100,755686
2592.04,SENSOR_TO_MASTER_RX,428,SENSOR_TO_UAV,Sensor_1,UAV_0,1024,303124,303124,756710
2592.04,SENSOR_TO_MASTER_RX,428,SENSOR_TO_UAV,Sensor_1,UAV_0,1024,304148,304148,757734
2592.05,SENSOR_TO_MASTER_RX,428,SENSOR_TO_UAV,Sensor_1,UAV_0,16,304164,304164,757750
2602.76,SENSOR_TO_MASTER_RX,430,SENSOR_TO_UAV,Sensor_486,UAV_0,1024,305188,305188,758774
2602.76,SENSOR_TO_MASTER_RX,430,SENSOR_TO_UAV,Sensor_486,UAV_0,1024,306212,306212,759798
2602.76,SENSOR_TO_MASTER_RX,430,SENSOR_TO_UAV,Sensor_486,UAV_0,1024,307236,307236,760822
2602.76,SENSOR_TO_MASTER_RX,430,SENSOR_TO_UAV,Sensor_486,UAV_0,1024,308260,308260,761846
2602.77,SENSOR_TO_MASTER_RX,430,SENSOR_TO_UAV,Sensor_486,UAV_0,754,309014,309014,762600
2606.3,SLAVE_TO_MASTER_RX,431,SLAVE_TO_MASTER,UAV_1,UAV_0,1024,310038,310038,763624
2606.3,SLAVE_TO_MASTER_RX,431,SLAVE_TO_MASTER,UAV_1,UAV_0,1024,311062,311062,764648
2606.31,SLAVE_TO_MASTER_RX,431,SLAVE_TO_MASTER,UAV_1,UAV_0,1024,312086,312086,765672
2606.31,SLAVE_TO_MASTER_RX,431,SLAVE_TO_MASTER,UAV_1,UAV_0,1024,313110,313110,766696
2606.32,SLAVE_TO_MASTER_RX,431,SLAVE_TO_MASTER,UAV_1,UAV_0,1024,314134,314134,767720
2606.32,SLAVE_TO_MASTER_RX,431,SLAVE_TO_MASTER,UAV_1,UAV_0,190,314324,314324,767910
2609.68,SLAVE_TO_MASTER_RX,434,SLAVE_TO_MASTER,UAV_2,UAV_0,1024,315348,315348,768934
2609.68,SLAVE_TO_MASTER_RX,434,SLAVE_TO_MASTER,UAV_2,UAV_0,1024,316372,316372,769958
2609.69,SLAVE_TO_MASTER_RX,434,SLAVE_TO_MASTER,UAV_2,UAV_0,1024,317396,317396,770982
2609.69,SLAVE_TO_MASTER_RX,434,SLAVE_TO_MASTER,UAV_2,UAV_0,1024,318420,318420,772006
2609.7,SLAVE_TO_MASTER_RX,434,SLAVE_TO_MASTER,UAV_2,UAV_0,336,318756,318756,772342
2611.59,SLAVE_TO_MASTER_RX,435,SLAVE_TO_MASTER,UAV_3,UAV_0,1024,319780,319780,773366
2611.59,SLAVE_TO_MASTER_RX,435,SLAVE_TO_MASTER,UAV_3,UAV_0,1024,320804,320804,774390
2611.6,SLAVE_TO_MASTER_RX,435,SLAVE_TO_MASTER,UAV_3,UAV_0,1024,321828,321828,775414
2611.6,SLAVE_TO_MASTER_RX,435,SLAVE_TO_MASTER,UAV_3,UAV_0,1024,322852,322852,776438
2611.61,SLAVE_TO_MASTER_RX,435,SLAVE_TO_MASTER,UAV_3,UAV_0,503,323355,323355,776941
2617.14,SENSOR_TO_MASTER_RX,436,SENSOR_TO_UAV,Sensor_411,UAV_3,1024,120981,120981,777965
2617.15,SENSOR_TO_MASTER_RX,436,SENSOR_TO_UAV,Sensor_411,UAV_3,1024,122005,122005,778989
2617.15,SENSOR_TO_MASTER_RX,436,SENSOR_TO_UAV,Sensor_411,UAV_3,1024,123029,123029,780013
2617.16,SENSOR_TO_MASTER_RX,436,SENSOR_TO_UAV,Sensor_411,UAV_3,980,124009,124009,780993
2628.67,SENSOR_TO_MASTER_RX,437,SENSOR_TO_UAV,Sensor_62,UAV_1,1024,201946,201946,782017
2628.67,SENSOR_TO_MASTER_RX,437,SENSOR_TO_UAV,Sensor_62,UAV_1,1024,202970,202970,783041
2628.68,SENSOR_TO_MASTER_RX,437,SENSOR_TO_UAV,Sensor_62,UAV_1,1024,203994,203994,784065
2628.68,SENSOR_TO_MASTER_RX,437,SENSOR_TO_UAV,Sensor_62,UAV_1,1024,205018,205018,785089
2628.68,SENSOR_TO_MASTER_RX,437,SENSOR_TO_UAV,Sensor_62,UAV_1,498,205516,205516,785587
2632.49,SENSOR_TO_MASTER_RX,438,SENSOR_TO_UAV,Sensor_387,UAV_2,1024,133731,133731,786611
2632.49,SENSOR_TO_MASTER_RX,438,SENSOR_TO_UAV,Sensor_387,UAV_2,1024,134755,134755,787635
2632.49,SENSOR_TO_MASTER_RX,438,SENSOR_TO_UAV,Sensor_387,UAV_2,1024,135779,135779,788659
2632.49,SENSOR_TO_MASTER_RX,438,SENSOR_TO_UAV,Sensor_387,UAV_2,1024,136803,136803,789683
2632.5,SENSOR_TO_MASTER_RX,438,SENSOR_TO_UAV,Sensor_387,UAV_2,580,137383,137383,790263
2654.76,SLAVE_TO_MASTER_RX,440,SLAVE_TO_MASTER,UAV_0,UAV_1,1024,206540,206540,791287
2654.76,SLAVE_TO_MASTER_RX,440,SLAVE_TO_MASTER,UAV_0,UAV_1,1024,207564,207564,792311
2654.77,SLAVE_TO_MASTER_RX,440,SLAVE_TO_MASTER,UAV_0,UAV_1,1024,208588,208588,793335
2654.77,SLAVE_TO_MASTER_RX,440,SLAVE_TO_MASTER,UAV_0,UAV_1,799,209387,209387,794134
2659.55,SENSOR_TO_MASTER_RX,442,SENSOR_TO_UAV,Sensor_199,UAV_1,1024,210411,210411,795158
2659.55,SENSOR_TO_MASTER_RX,442,SENSOR_TO_UAV,Sensor_199,UAV_1,1024,211435,211435,796182
2659.56,SENSOR_TO_MASTER_RX,442,SENSOR_TO_UAV,Sensor_199,UAV_1,1024,212459,212459,797206
2659.56,SENSOR_TO_MASTER_RX,442,SENSOR_TO_UAV,Sensor_199,UAV_1,1024,213483,213483,798230
2659.57,SENSOR_TO_MASTER_RX,442,SENSOR_TO_UAV,Sensor_199,UAV_1,1024,214507,214507,799254
2659.57,SENSOR_TO_MASTER_RX,442,SENSOR_TO_UAV,Sensor_199,UAV_1,98,214605,214605,799352
2660.11,SLAVE_TO_MASTER_RX,443,SLAVE_TO_MASTER,UAV_2,UAV_1,1024,215629,215629,800376
2660.11,SLAVE_TO_MASTER_RX,443,SLAVE_TO_MASTER,UAV_2,UAV_1,1024,216653,216653,801400
2660.11,SLAVE_TO_MASTER_RX,443,SLAVE_TO_MASTER,UAV_2,UAV_1,1024,217677,217677,802424
2660.12,SLAVE_TO_MASTER_RX,443,SLAVE_TO_MASTER,UAV_2,UAV_1,744,218421,218421,803168
2664.46,SLAVE_TO_MASTER_RX,445,SLAVE_TO_MASTER,UAV_3,UAV_1,1024,219445,219445,804192
2664.46,SLAVE_TO_MASTER_RX,445,SLAVE_TO_MASTER,UAV_3,UAV_1,1024,220469,220469,805216
2664.46,SLAVE_TO_MASTER_RX,445,SLAVE_TO_MASTER,UAV_3,UAV_1,1024,221493,221493,806240
2664.46,SLAVE_TO_MASTER_RX,445,SLAVE_TO_MASTER,UAV_3,UAV_1,939,222432,222432,807179
2668.37,SENSOR_TO_MASTER_RX,446,SENSOR_TO_UAV,Sensor_183,UAV_3,1024,125033,125033,808203
2668.37,SENSOR_TO_MASTER_RX,446,SENSOR_TO_UAV,Sensor_183,UAV_3,1024,126057,126057,809227
2668.37,SENSOR_TO_MASTER_RX,446,SENSOR_TO_UAV,Sensor_183,UAV_3,1024,127081,127081,810251
2668.38,SENSOR_TO_MASTER_RX,446,SENSOR_TO_UAV,Sensor_183,UAV_3,1024,128105,128105,811275
2668.38,SENSOR_TO_MASTER_RX,446,SENSOR_TO_UAV,Sensor_183,UAV_3,811,128916,128916,812086
2679.47,SLAVE_TO_MASTER_RX,449,SLAVE_TO_MASTER,UAV_1,UAV_3,1024,129940,129940,813110
2679.48,SLAVE_TO_MASTER_RX,449,SLAVE_TO_MASTER,UAV_1,UAV_3,1024,130964,130964,814134
2679.48,SLAVE_TO_MASTER_RX,449,SLAVE_TO_MASTER,UAV_1,UAV_3,1024,131988,131988,815158
2679.49,SLAVE_TO_MASTER_RX,449,SLAVE_TO_MASTER,UAV_1,UAV_3,1024,133012,133012,816182
2679.49,SLAVE_TO_MASTER_RX,449,SLAVE_TO_MASTER,UAV_1,UAV_3,169,133181,133181,816351
2679.73,SLAVE_TO_MASTER_RX,450,SLAVE_TO_MASTER,UAV_0,UAV_3,1024,134205,134205,817375
2679.73,SLAVE_TO_MASTER_RX,450,SLAVE_TO_MASTER,UAV_0,UAV_3,1024,135229,135229,818399
2679.74,SLAVE_TO_MASTER_RX,450,SLAVE_TO_MASTER,UAV_0,UAV_3,1024,136253,136253,819423
2679.74,SLAVE_TO_MASTER_RX,450,SLAVE_TO_MASTER,UAV_0,UAV_3,1024,137277,137277,820447
2679.75,SLAVE_TO_MASTER_RX,450,SLAVE_TO_MASTER,UAV_0,UAV_3,260,137537,137537,820707
2681.01,SENSOR_TO_MASTER_RX,451,SENSOR_TO_UAV,Sensor_124,UAV_2,1024,138407,138407,821731
2681.02,SENSOR_TO_MASTER_RX,451,SENSOR_TO_UAV,Sensor_124,UAV_2,1024,139431,139431,822755
2681.02,SENSOR_TO_MASTER_RX,451,SENSOR_TO_UAV,Sensor_124,UAV_2,1024,140455,140455,823779
2681.03,SENSOR_TO_MASTER_RX,451,SENSOR_TO_UAV,Sensor_124,UAV_2,1024,141479,141479,824803
2681.03,SENSOR_TO_MASTER_RX,451,SENSOR_TO_UAV,Sensor_124,UAV_2,88,141567,141567,824891
2695.64,SENSOR_TO_MASTER_RX,452,SENSOR_TO_UAV,Sensor_246,UAV_0,1024,324379,324379,825915
2695.64,SENSOR_TO_MASTER_RX,452,SENSOR_TO_UAV,Sensor_246,UAV_0,1024,325403,325403,826939
2695.64,SENSOR_TO_MASTER_RX,452,SENSOR_TO_UAV,Sensor_246,UAV_0,1024,326427,326427,827963
2695.64,SENSOR_TO_MASTER_RX,452,SENSOR_TO_UAV,Sensor_246,UAV_0,1024,327451,327451,828987
2695.65,SENSOR_TO_MASTER_RX,452,SENSOR_TO_UAV,Sensor_246,UAV_0,32,327483,327483,829019
2704.97,SLAVE_TO_MASTER_RX,456,SLAVE_TO_MASTER,UAV_1,UAV_0,1024,328507,328507,830043
2704.97,SLAVE_TO_MASTER_RX,456,SLAVE_TO_MASTER,UAV_1,UAV_0,1024,329531,329531,831067
2704.98,SLAVE_TO_MASTER_RX,456,SLAVE_TO_MASTER,UAV_1,UAV_0,1024,330555,330555,832091
2704.98,SLAVE_TO_MASTER_RX,456,SLAVE_TO_MASTER,UAV_1,UAV_0,1024,331579,331579,833115
2704.99,SLAVE_TO_MASTER_RX,456,SLAVE_TO_MASTER,UAV_1,UAV_0,496,332075,332075,833611
2705.85,SLAVE_TO_MASTER_RX,457,SLAVE_TO_MASTER,UAV_2,UAV_0,1024,333099,333099,834635
2705.85,SLAVE_TO_MASTER_RX,457,SLAVE_TO_MASTER,UAV_2,UAV_0,1024,334123,334123,835659
2705.86,SLAVE_TO_MASTER_RX,457,SLAVE_TO_MASTER,UAV_2,UAV_0,1024,335147,335147,836683
2705.86,SLAVE_TO_MASTER_RX,457,SLAVE_TO_MASTER,UAV_2,UAV_0,1024,336171,336171,837707
2705.87,SLAVE_TO_MASTER_RX,457,SLAVE_TO_MASTER,UAV_2,UAV_0,1024,337195,337195,838731
2705.87,SLAVE_TO_MASTER_RX,457,SLAVE_TO_MASTER,UAV_2,UAV_0,338,337533,337533,839069
2707.66,SLAVE_TO_MASTER_RX,458,SLAVE_TO_MASTER,UAV_3,UAV_0,1024,338557,338557,840093
2707.66,SLAVE_TO_MASTER_RX,458,SLAVE_TO_MASTER,UAV_3,UAV_0,1024,339581,339581,841117
2707.67,SLAVE_TO_MASTER_RX,458,SLAVE_TO_MASTER,UAV_3,UAV_0,1024,340605,340605,842141
2707.67,SLAVE_TO_MASTER_RX,458,SLAVE_TO_MASTER,UAV_3,UAV_0,877,341482,341482,843018
2712.16,SLAVE_TO_MASTER_RX,460,SLAVE_TO_MASTER,UAV_2,UAV_0,1024,342506,342506,844042
2712.17,SLAVE_TO_MASTER_RX,460,SLAVE_TO_MASTER,UAV_2,UAV_0,1024,343530,343530,845066
2712.17,SLAVE_TO_MASTER_RX,460,SLAVE_TO_MASTER,UAV_2,UAV_0,1024,344554,344554,846090
2712.18,SLAVE_TO_MASTER_RX,460,SLAVE_TO_MASTER,UAV_2,UAV_0,1024,345578,345578,847114
2712.18,SLAVE_TO_MASTER_RX,460,SLAVE_TO_MASTER,UAV_2,UAV_0,101,345679,345679,847215
2714.78,SENSOR_TO_MASTER_RX,461,SENSOR_TO_UAV,Sensor_267,UAV_0,1024,346703,346703,848239
2714.78,SENSOR_TO_MASTER_RX,461,SENSOR_TO_UAV,Sensor_267,UAV_0,1024,347727,347727,849263
2714.78,SENSOR_TO_MASTER_RX,461,SENSOR_TO_UAV,Sensor_267,UAV_0,1024,348751,348751,850287
2714.79,SENSOR_TO_MASTER_RX,461,SENSOR_TO_UAV,Sensor_267,UAV_0,1024,349775,349775,851311
2714.79,SENSOR_TO_MASTER_RX,461,SENSOR_TO_UAV,Sensor_267,UAV_0,369,350144,350144,851680
2723.63,SENSOR_TO_MASTER_RX,462,SENSOR_TO_UAV,Sensor_49,UAV_3,1024,138561,138561,852704
2723.64,SENSOR_TO_MASTER_RX,462,SENSOR_TO_UAV,Sensor_49,UAV_3,1024,139585,139585,853728
2723.64,SENSOR_TO_MASTER_RX,462,SENSOR_TO_UAV,Sensor_49,UAV_3,1024,140609,140609,854752
2723.64,SENSOR_TO_MASTER_RX,462,SENSOR_TO_UAV,Sensor_49,UAV_3,1024,141633,141633,855776
2723.64,SENSOR_TO_MASTER_RX,462,SENSOR_TO_UAV,Sensor_49,UAV_3,406,142039,142039,856182
2730.09,SENSOR_TO_MASTER_RX,463,SENSOR_TO_UAV,Sensor_413,UAV_2,1024,142591,142591,857206
2730.09,SENSOR_TO_MASTER_RX,463,SENSOR_TO_UAV,Sensor_413,UAV_2,1024,143615,143615,858230
2730.09,SENSOR_TO_MASTER_RX,463,SENSOR_TO_UAV,Sensor_413,UAV_2,1024,144639,144639,859254
2730.1,SENSOR_TO_MASTER_RX,463,SENSOR_TO_UAV,Sensor_413,UAV_2,1024,145663,145663,860278
2730.1,SENSOR_TO_MASTER_RX,463,SENSOR_TO_UAV,Sensor_413,UAV_2,474,146137,146137,860752
2746.52,SENSOR_TO_MASTER_RX,465,SENSOR_TO_UAV,Sensor_137,UAV_0,1024,351168,351168,861776
2746.52,SENSOR_TO_MASTER_RX,465,SENSOR_TO_UAV,Sensor_137,UAV_0,1024,352192,352192,862800
2746.52,SENSOR_TO_MASTER_RX,465,SENSOR_TO_UAV,Sensor_137,UAV_0,1024,353216,353216,863824
2746.53,SENSOR_TO_MASTER_RX,465,SENSOR_TO_UAV,Sensor_137,UAV_0,1024,354240,354240,864848
2746.53,SENSOR_TO_MASTER_RX,465,SENSOR_TO_UAV,Sensor_137,UAV_0,1024,355264,355264,865872
2746.53,SENSOR_TO_MASTER_RX,465,SENSOR_TO_UAV,Sensor_137,UAV_0,146,355410,355410,866018
2749.73,SLAVE_TO_MASTER_RX,468,SLAVE_TO_MASTER,UAV_1,UAV_0,1024,356434,356434,867042
2749.74,SLAVE_TO_MASTER_RX,468,SLAVE_TO_MASTER,UAV_1,UAV_0,1024,357458,357458,868066
2749.74,SLAVE_TO_MASTER_RX,468,SLAVE_TO_MASTER,UAV_1,UAV_0,1024,358482,358482,869090
2749.75,SLAVE_TO_MASTER_RX,468,SLAVE_TO_MASTER,UAV_1,UAV_0,1024,359506,359506,870114
2749.75,SLAVE_TO_MASTER_RX,468,SLAVE_TO_MASTER,UAV_1,UAV_0,540,360046,360046,870654
2750.71,SLAVE_TO_MASTER_RX,469,SLAVE_TO_MASTER,UAV_3,UAV_0,1024,361070,361070,871678
2750.72,SLAVE_TO_MASTER_RX,469,SLAVE_TO_MASTER,UAV_3,UAV_0,1024,362094,362094,872702
2750.72,SLAVE_TO_MASTER_RX,469,SLAVE_TO_MASTER,UAV_3,UAV_0,1024,363118,363118,873726
2750.73,SLAVE_TO_MASTER_RX,469,SLAVE_TO_MASTER,UAV_3,UAV_0,769,363887,363887,874495
2750.85,SLAVE_TO_MASTER_RX,470,SLAVE_TO_MASTER,UAV_2,UAV_0,1024,364911,364911,875519
2750.85,SLAVE_TO_MASTER_RX,470,SLAVE_TO_MASTER,UAV_2,UAV_0,1024,365935,365935,876543
2750.86,SLAVE_TO_MASTER_RX,470,SLAVE_TO_MASTER,UAV_2,UAV_0,1024,366959,366959,877567
2750.86,SLAVE_TO_MASTER_RX,470,SLAVE_TO_MASTER,UAV_2,UAV_0,1024,367983,367983,878591
2750.87,SLAVE_TO_MASTER_RX,470,SLAVE_TO_MASTER,UAV_2,UAV_0,922,368905,368905,879513
2759.77,SENSOR_TO_MASTER_RX,471,SENSOR_TO_UAV,Sensor_425,UAV_3,1024,143063,143063,880537
2759.77,SENSOR_TO_MASTER_RX,471,SENSOR_TO_UAV,Sensor_425,UAV_3,1024,144087,144087,881561
2759.78,SENSOR_TO_MASTER_RX,471,SENSOR_TO_UAV,Sensor_425,UAV_3,1024,145111,145111,882585
2759.78,SENSOR_TO_MASTER_RX,471,SENSOR_TO_UAV,Sensor_425,UAV_3,706,145817,145817,883291
2763.59,SENSOR_TO_MASTER_RX,472,SENSOR_TO_UAV,Sensor_469,UAV_1,1024,223456,223456,884315
2763.6,SENSOR_TO_MASTER_RX,472,SENSOR_TO_UAV,Sensor_469,UAV_1,1024,224480,224480,885339
2763.6,SENSOR_TO_MASTER_RX,472,SENSOR_TO_UAV,Sensor_469,UAV_1,1024,225504,225504,886363
2763.61,SENSOR_TO_MASTER_RX,472,SENSOR_TO_UAV,Sensor_469,UAV_1,1024,226528,226528,887387
2763.61,SENSOR_TO_MASTER_RX,472,SENSOR_TO_UAV,Sensor_469,UAV_1,1024,227552,227552,888411
2763.62,SENSOR_TO_MASTER_RX,472,SENSOR_TO_UAV,Sensor_469,UAV_1,45,227597,227597,888456
2769.21,SENSOR_TO_MASTER_RX,473,SENSOR_TO_UAV,Sensor_481,UAV_0,1024,369929,369929,889480
2769.22,SENSOR_TO_MASTER_RX,473,SENSOR_TO_UAV,Sensor_481,UAV_0,1024,370953,370953,890504
2769.22,SENSOR_TO_MASTER_RX,473,SENSOR_TO_UAV,Sensor_481,UAV_0,1024,371977,371977,891528
2769.22,SENSOR_TO_MASTER_RX,473,SENSOR_TO_UAV,Sensor_481,UAV_0,685,372662,372662,892213
2777.7,SENSOR_TO_MASTER_RX,474,SENSOR_TO_UAV,Sensor_52,UAV_2,1024,147161,147161,893237
2777.71,SENSOR_TO_MASTER_RX,474,SENSOR_TO_UAV,Sensor_52,UAV_2,1024,148185,148185,894261
2777.71,SENSOR_TO_MASTER_RX,474,SENSOR_TO_UAV,Sensor_52,UAV_2,1024,149209,149209,895285
2777.71,SENSOR_TO_MASTER_RX,474,SENSOR_TO_UAV,Sensor_52,UAV_2,1024,150233,150233,896309
2777.72,SENSOR_TO_MASTER_RX,474,SENSOR_TO_UAV,Sensor_52,UAV_2,830,151063,151063,897139
2783.06,SLAVE_TO_MASTER_RX,477,SLAVE_TO_MASTER,UAV_1,UAV_2,1024,152087,152087,898163
2783.06,SLAVE_TO_MASTER_RX,477,SLAVE_TO_MASTER,UAV_1,UAV_2,1024,153111,153111,899187
2783.06,SLAVE_TO_MASTER_RX,477,SLAVE_TO_MASTER,UAV_1,UAV_2,1024,154135,154135,900211
2783.06,SLAVE_TO_MASTER_RX,477,SLAVE_TO_MASTER,UAV_1,UAV_2,1024,155159,155159,901235
2783.06,SLAVE_TO_MASTER_RX,477,SLAVE_TO_MASTER,UAV_1,UAV_2,60,155219,155219,901295
2784.6,SLAVE_TO_MASTER_RX,479,SLAVE_TO_MASTER,UAV_3,UAV_2,1024,156243,156243,902319
2784.6,SLAVE_TO_MASTER_RX,479,SLAVE_TO_MASTER,UAV_3,UAV_2,1024,157267,157267,903343
2784.6,SLAVE_TO_MASTER_RX,479,SLAVE_TO_MASTER,UAV_3,UAV_2,1024,158291,158291,904367
2784.61,SLAVE_TO_MASTER_RX,479,SLAVE_TO_MASTER,UAV_3,UAV_2,1024,159315,159315,905391
2784.61,SLAVE_TO_MASTER_RX,479,SLAVE_TO_MASTER,UAV_3,UAV_2,374,159689,159689,905765
2786.82,SLAVE_TO_MASTER_RX,480,SLAVE_TO_MASTER,UAV_0,UAV_2,1024,160713,160713,906789
2786.83,SLAVE_TO_MASTER_RX,480,SLAVE_TO_MASTER,UAV_0,UAV_2,1024,161737,161737,907813
2786.83,SLAVE_TO_MASTER_RX,480,SLAVE_TO_MASTER,UAV_0,UAV_2,1024,162761,162761,908837
2786.84,SLAVE_TO_MASTER_RX,480,SLAVE_TO_MASTER,UAV_0,UAV_2,925,163686,163686,909762
2792.64,SENSOR_TO_MASTER_RX,481,SENSOR_TO_UAV,Sensor_426,UAV_3,1024,146841,146841,910786
2792.64,SENSOR_TO_MASTER_RX,481,SENSOR_TO_UAV,Sensor_426,UAV_3,1024,147865,147865,911810
2792.64,SENSOR_TO_MASTER_RX,481,SENSOR_TO_UAV,Sensor_426,UAV_3,1024,148889,148889,912834
2792.64,SENSOR_TO_MASTER_RX,481,SENSOR_TO_UAV,Sensor_426,UAV_3,360,149249,149249,913194
2801.06,SENSOR_TO_MASTER_RX,483,SENSOR_TO_UAV,Sensor_459,UAV_0,1024,373686,373686,914218
2801.06,SENSOR_TO_MASTER_RX,483,SENSOR_TO_UAV,Sensor_459,UAV_0,1024,374710,374710,915242
2801.07,SENSOR_TO_MASTER_RX,483,SENSOR_TO_UAV,Sensor_459,UAV_0,1024,375734,375734,916266
2801.07,SENSOR_TO_MASTER_RX,483,SENSOR_TO_UAV,Sensor_459,UAV_0,1024,376758,376758,917290
2801.08,SENSOR_TO_MASTER_RX,483,SENSOR_TO_UAV,Sensor_459,UAV_0,1024,377782,377782,918314
2801.08,SENSOR_TO_MASTER_RX,483,SENSOR_TO_UAV,Sensor_459,UAV_0,11,377793,377793,918325
2801.79,SLAVE_TO_MASTER_RX,484,SLAVE_TO_MASTER,UAV_1,UAV_3,1024,150273,150273,919349
2801.79,SLAVE_TO_MASTER_RX,484,SLAVE_TO_MASTER,UAV_1,UAV_3,1024,151297,151297,920373
2801.79,SLAVE_TO_MASTER_RX,484,SLAVE_TO_MASTER,UAV_1,UAV_3,1024,152321,152321,921397
2801.8,SLAVE_TO_MASTER_RX,484,SLAVE_TO_MASTER,UAV_1,UAV_3,1024,153345,153345,922421
2801.8,SLAVE_TO_MASTER_RX,484,SLAVE_TO_MASTER,UAV_1,UAV_3,1024,154369,154369,923445
2801.8,SLAVE_TO_MASTER_RX,484,SLAVE_TO_MASTER,UAV_1,UAV_3,284,154653,154653,923729
2806.47,SLAVE_TO_MASTER_RX,486,SLAVE_TO_MASTER,UAV_2,UAV_3,1024,155677,155677,924753
2806.48,SLAVE_TO_MASTER_RX,486,SLAVE_TO_MASTER,UAV_2,UAV_3,1024,156701,156701,925777
2806.48,SLAVE_TO_MASTER_RX,486,SLAVE_TO_MASTER,UAV_2,UAV_3,1024,157725,157725,926801
2806.49,SLAVE_TO_MASTER_RX,486,SLAVE_TO_MASTER,UAV_2,UAV_3,1024,158749,158749,927825
2806.49,SLAVE_TO_MASTER_RX,486,SLAVE_TO_MASTER,UAV_2,UAV_3,89,158838,158838,927914
2809.91,SENSOR_TO_MASTER_RX,487,SENSOR_TO_UAV,Sensor_467,UAV_0,1024,378817,378817,928938
2809.91,SENSOR_TO_MASTER_RX,487,SENSOR_TO_UAV,Sensor_467,UAV_0,1024,379841,379841,929962
2809.91,SENSOR_TO_MASTER_RX,487,SENSOR_TO_UAV,Sensor_467,UAV_0,1024,380865,380865,930986
2809.91,SENSOR_TO_MASTER_RX,487,SENSOR_TO_UAV,Sensor_467,UAV_0,1024,381889,381889,932010
2809.91,SENSOR_TO_MASTER_RX,487,SENSOR_TO_UAV,Sensor_467,UAV_0,305,382194,382194,932315
2821.44,SLAVE_TO_MASTER_RX,490,SLAVE_TO_MASTER,UAV_1,UAV_0,1024,383218,383218,933339
2821.44,SLAVE_TO_MASTER_RX,490,SLAVE_TO_MASTER,UAV_1,UAV_0,1024,384242,384242,934363
2821.45,SLAVE_TO_MASTER_RX,490,SLAVE_TO_MASTER,UAV_1,UAV_0,1024,385266,385266,935387
2821.45,SLAVE_TO_MASTER_RX,490,SLAVE_TO_MASTER,UAV_1,UAV_0,1024,386290,386290,936411
2821.46,SLAVE_TO_MASTER_RX,490,SLAVE_TO_MASTER,UAV_1,UAV_0,1024,387314,387314,937435
2821.46,SLAVE_TO_MASTER_RX,490,SLAVE_TO_MASTER,UAV_1,UAV_0,77,387391,387391,937512
2822.76,SLAVE_TO_MASTER_RX,491,SLAVE_TO_MASTER,UAV_2,UAV_0,1024,388415,388415,938536
2822.77,SLAVE_TO_MASTER_RX,491,SLAVE_TO_MASTER,UAV_2,UAV_0,1024,389439,389439,939560
2822.77,SLAVE_TO_MASTER_RX,491,SLAVE_TO_MASTER,UAV_2,UAV_0,1024,390463,390463,940584
2822.78,SLAVE_TO_MASTER_RX,491,SLAVE_TO_MASTER,UAV_2,UAV_0,1024,391487,391487,941608
2822.78,SLAVE_TO_MASTER_RX,491,SLAVE_TO_MASTER,UAV_2,UAV_0,851,392338,392338,942459
2826.92,SLAVE_TO_MASTER_RX,493,SLAVE_TO_MASTER,UAV_3,UAV_0,1024,393362,393362,943483
2826.92,SLAVE_TO_MASTER_RX,493,SLAVE_TO_MASTER,UAV_3,UAV_0,1024,394386,394386,944507
2826.92,SLAVE_TO_MASTER_RX,493,SLAVE_TO_MASTER,UAV_3,UAV_0,1024,395410,395410,945531
2826.93,SLAVE_TO_MASTER_RX,493,SLAVE_TO_MASTER,UAV_3,UAV_0,687,396097,396097,946218
2831.1,SENSOR_TO_MASTER_RX,494,SENSOR_TO_UAV,Sensor_123,UAV_2,1024,164710,164710,947242
2831.1,SENSOR_TO_MASTER_RX,494,SENSOR_TO_UAV,Sensor_123,UAV_2,1024,165734,165734,948266
2831.1,SENSOR_TO_MASTER_RX,494,SENSOR_TO_UAV,Sensor_123,UAV_2,1024,166758,166758,949290
2831.11,SENSOR_TO_MASTER_RX,494,SENSOR_TO_UAV,Sensor_123,UAV_2,1024,167782,167782,950314
2831.11,SENSOR_TO_MASTER_RX,494,SENSOR_TO_UAV,Sensor_123,UAV_2,817,168599,168599,951131
2832.42,SENSOR_TO_MASTER_RX,495,SENSOR_TO_UAV,Sensor_70,UAV_0,1024,397121,397121,952155
2832.43,SENSOR_TO_MASTER_RX,495,SENSOR_TO_UAV,Sensor_70,UAV_0,1024,398145,398145,953179
2832.43,SENSOR_TO_MASTER_RX,495,SENSOR_TO_UAV,Sensor_70,UAV_0,1024,399169,399169,954203
2832.44,SENSOR_TO_MASTER_RX,495,SENSOR_TO_UAV,Sensor_70,UAV_0,1024,400193,400193,955227
2832.44,SENSOR_TO_MASTER_RX,495,SENSOR_TO_UAV,Sensor_70,UAV_0,843,401036,401036,956070
2833.92,SENSOR_TO_MASTER_RX,496,SENSOR_TO_UAV,Sensor_418,UAV_3,1024,159862,159862,957094
2833.92,SENSOR_TO_MASTER_RX,496,SENSOR_TO_UAV,Sensor_418,UAV_3,1024,160886,160886,958118
2833.93,SENSOR_TO_MASTER_RX,496,SENSOR_TO_UAV,Sensor_418,UAV_3,1024,161910,161910,959142
2833.93,SENSOR_TO_MASTER_RX,496,SENSOR_TO_UAV,Sensor_418,UAV_3,1024,162934,162934,960166
2833.93,SENSOR_TO_MASTER_RX,496,SENSOR_TO_UAV,Sensor_418,UAV_3,585,163519,163519,960751
2843.55,SLAVE_TO_MASTER_RX,498,SLAVE_TO_MASTER,UAV_1,UAV_2,1024,169623,169623,961775
2843.56,SLAVE_TO_MASTER_RX,498,SLAVE_TO_MASTER,UAV_1,UAV_2,1024,170647,170647,962799
2843.56,SLAVE_TO_MASTER_RX,498,SLAVE_TO_MASTER,UAV_1,UAV_2,1024,171671,171671,963823
2843.57,SLAVE_TO_MASTER_RX,498,SLAVE_TO_MASTER,UAV_1,UAV_2,1024,172695,172695,964847
2843.57,SLAVE_TO_MASTER_RX,498,SLAVE_TO_MASTER,UAV_1,UAV_2,568,173263,173263,965415
2846.06,SENSOR_TO_MASTER_RX,500,SENSOR_TO_UAV,Sensor_139,UAV_2,1024,174287,174287,966439
2846.06,SENSOR_TO_MASTER_RX,500,SENSOR_TO_UAV,Sensor_139,UAV_2,1024,175311,175311,967463
2846.06,SENSOR_TO_MASTER_RX,500,SENSOR_TO_UAV,Sensor_139,UAV_2,1024,176335,176335,968487
2846.07,SENSOR_TO_MASTER_RX,500,SENSOR_TO_UAV,Sensor_139,UAV_2,1024,177359,177359,969511
2846.07,SENSOR_TO_MASTER_RX,500,SENSOR_TO_UAV,Sensor_139,UAV_2,713,178072,178072,970224
2847.56,SLAVE_TO_MASTER_RX,501,SLAVE_TO_MASTER,UAV_0,UAV_2,1024,179096,179096,971248
2847.56,SLAVE_TO_MASTER_RX,501,SLAVE_TO_MASTER,UAV_0,UAV_2,1024,180120,180120,972272
2847.57,SLAVE_TO_MASTER_RX,501,SLAVE_TO_MASTER,UAV_0,UAV_2,1024,181144,181144,973296
2847.57,SLAVE_TO_MASTER_RX,501,SLAVE_TO_MASTER,UAV_0,UAV_2,1024,182168,182168,974320
2847.58,SLAVE_TO_MASTER_RX,501,SLAVE_TO_MASTER,UAV_0,UAV_2,10,182178,182178,974330
2851.4,SLAVE_TO_MASTER_RX,503,SLAVE_TO_MASTER,UAV_3,UAV_2,1024,183202,183202,975354
2851.4,SLAVE_TO_MASTER_RX,503,SLAVE_TO_MASTER,UAV_3,UAV_2,1024,184226,184226,976378
2851.41,SLAVE_TO_MASTER_RX,503,SLAVE_TO_MASTER,UAV_3,UAV_2,1024,185250,185250,977402
2851.41,SLAVE_TO_MASTER_RX,503,SLAVE_TO_MASTER,UAV_3,UAV_2,1024,186274,186274,978426
2851.42,SLAVE_TO_MASTER_RX,503,SLAVE_TO_MASTER,UAV_3,UAV_2,223,186497,186497,978649
2860.04,SENSOR_TO_MASTER_RX,504,SENSOR_TO_UAV,Sensor_85,UAV_3,1024,164543,164543,979673
2860.04,SENSOR_TO_MASTER_RX,504,SENSOR_TO_UAV,Sensor_85,UAV_3,1024,165567,165567,980697
2860.04,SENSOR_TO_MASTER_RX,504,SENSOR_TO_UAV,Sensor_85,UAV_3,1024,166591,166591,981721
2860.05,SENSOR_TO_MASTER_RX,504,SENSOR_TO_UAV,Sensor_85,UAV_3,1024,167615,167615,982745
2860.05,SENSOR_TO_MASTER_RX,504,SENSOR_TO_UAV,Sensor_85,UAV_3,158,167773,167773,982903
2861.42,SENSOR_TO_MASTER_RX,505,SENSOR_TO_UAV,Sensor_210,UAV_0,1024,402060,402060,983927
2861.42,SENSOR_TO_MASTER_RX,505,SENSOR_TO_UAV,Sensor_210,UAV_0,1024,403084,403084,984951
2861.42,SENSOR_TO_MASTER_RX,505,SENSOR_TO_UAV,Sensor_210,UAV_0,1024,404108,404108,985975
2861.43,SENSOR_TO_MASTER_RX,505,SENSOR_TO_UAV,Sensor_210,UAV_0,879,404987,404987,986854
2867.73,SENSOR_TO_MASTER_RX,506,SENSOR_TO_UAV,Sensor_375,UAV_2,1024,187521,187521,987878
2867.73,SENSOR_TO_MASTER_RX,506,SENSOR_TO_UAV,Sensor_375,UAV_2,1024,188545,188545,988902
2867.73,SENSOR_TO_MASTER_RX,506,SENSOR_TO_UAV,Sensor_375,UAV_2,1024,189569,189569,989926
2867.73,SENSOR_TO_MASTER_RX,506,SENSOR_TO_UAV,Sensor_375,UAV_2,328,189897,189897,990254
2874.05,SLAVE_TO_MASTER_RX,508,SLAVE_TO_MASTER,UAV_1,UAV_0,1024,406011,406011,991278
2874.06,SLAVE_TO_MASTER_RX,508,SLAVE_TO_MASTER,UAV_1,UAV_0,1024,407035,407035,992302
2874.06,SLAVE_TO_MASTER_RX,508,SLAVE_TO_MASTER,UAV_1,UAV_0,1024,408059,408059,993326
2874.07,SLAVE_TO_MASTER_RX,508,SLAVE_TO_MASTER,UAV_1,UAV_0,916,408975,408975,994242
2893.05,SENSOR_TO_MASTER_RX,510,SENSOR_TO_UAV,Sensor_167,UAV_0,1024,409999,409999,995266
2893.05,SENSOR_TO_MASTER_RX,510,SENSOR_TO_UAV,Sensor_167,UAV_0,1024,411023,411023,996290
2893.05,SENSOR_TO_MASTER_RX,510,SENSOR_TO_UAV,Sensor_167,UAV_0,1024,412047,412047,997314
2893.05,SENSOR_TO_MASTER_RX,510,SENSOR_TO_UAV,Sensor_167,UAV_0,737,412784,412784,998051
2895.43,SLAVE_TO_MASTER_RX,513,SLAVE_TO_MASTER,UAV_2,UAV_0,1024,413808,413808,999075
2895.44,SLAVE_TO_MASTER_RX,513,SLAVE_TO_MASTER,UAV_2,UAV_0,1024,414832,414832,1000099
2895.44,SLAVE_TO_MASTER_RX,513,SLAVE_TO_MASTER,UAV_2,UAV_0,1024,415856,415856,1001123
2895.45,SLAVE_TO_MASTER_RX,513,SLAVE_TO_MASTER,UAV_2,UAV_0,1024,416880,416880,1002147
2895.45,SLAVE_TO_MASTER_RX,513,SLAVE_TO_MASTER,UAV_2,UAV_0,2,416882,416882,1002149
2896.37,SLAVE_TO_MASTER_RX,514,SLAVE_TO_MASTER,UAV_1,UAV_0,1024,417906,417906,1003173
2896.38,SLAVE_TO_MASTER_RX,514,SLAVE_TO_MASTER,UAV_1,UAV_0,1024,418930,418930,1004197
2896.38,SLAVE_TO_MASTER_RX,514,SLAVE_TO_MASTER,UAV_1,UAV_0,1024,419954,419954,1005221
2896.39,SLAVE_TO_MASTER_RX,514,SLAVE_TO_MASTER,UAV_1,UAV_0,1024,420978,420978,1006245
2896.39,SLAVE_TO_MASTER_RX,514,SLAVE_TO_MASTER,UAV_1,UAV_0,557,421535,421535,1006802
2898.28,SLAVE_TO_MASTER_RX,515,SLAVE_TO_MASTER,UAV_3,UAV_0,1024,422559,422559,1007826
2898.29,SLAVE_TO_MASTER_RX,515,SLAVE_TO_MASTER,UAV_3,UAV_0,1024,423583,423583,1008850
2898.29,SLAVE_TO_MASTER_RX,515,SLAVE_TO_MASTER,UAV_3,UAV_0,1024,424607,424607,1009874
2898.3,SLAVE_TO_MASTER_RX,515,SLAVE_TO_MASTER,UAV_3,UAV_0,1024,425631,425631,1010898
2898.3,SLAVE_TO_MASTER_RX,515,SLAVE_TO_MASTER,UAV_3,UAV_0,448,426079,426079,1011346
2906.54,SENSOR_TO_MASTER_RX,516,SENSOR_TO_UAV,Sensor_67,UAV_1,1024,228621,228621,1012370
2906.54,SENSOR_TO_MASTER_RX,516,SENSOR_TO_UAV,Sensor_67,UAV_1,1024,229645,229645,1013394
2906.54,SENSOR_TO_MASTER_RX,516,SENSOR_TO_UAV,Sensor_67,UAV_1,1024,230669,230669,1014418
2906.55,SENSOR_TO_MASTER_RX,516,SENSOR_TO_UAV,Sensor_67,UAV_1,1024,231693,231693,1015442
2906.55,SENSOR_TO_MASTER_RX,516,SENSOR_TO_UAV,Sensor_67,UAV_1,768,232461,232461,1016210
2912.73,SLAVE_TO_MASTER_RX,518,SLAVE_TO_MASTER,UAV_2,UAV_1,1024,233485,233485,1017234
2912.74,SLAVE_TO_MASTER_RX,518,SLAVE_TO_MASTER,UAV_2,UAV_1,1024,234509,234509,1018258
2912.74,SLAVE_TO_MASTER_RX,518,SLAVE_TO_MASTER,UAV_2,UAV_1,1024,235533,235533,1019282
2912.75,SLAVE_TO_MASTER_RX,518,SLAVE_TO_MASTER,UAV_2,UAV_1,1024,236557,236557,1020306
2912.75,SLAVE_TO_MASTER_RX,518,SLAVE_TO_MASTER,UAV_2,UAV_1,1024,237581,237581,1021330
2912.76,SLAVE_TO_MASTER_RX,518,SLAVE_TO_MASTER,UAV_2,UAV_1,196,237777,237777,1021526
2923,SENSOR_TO_MASTER_RX,519,SENSOR_TO_UAV,Sensor_178,UAV_3,1024,168797,168797,1022550
2923,SENSOR_TO_MASTER_RX,519,SENSOR_TO_UAV,Sensor_178,UAV_3,1024,169821,169821,1023574
2923.01,SENSOR_TO_MASTER_RX,519,SENSOR_TO_UAV,Sensor_178,UAV_3,1024,170845,170845,1024598
2923.01,SENSOR_TO_MASTER_RX,519,SENSOR_TO_UAV,Sensor_178,UAV_3,1024,171869,171869,1025622
2923.02,SENSOR_TO_MASTER_RX,519,SENSOR_TO_UAV,Sensor_178,UAV_3,22,171891,171891,1025644
2932.56,SLAVE_TO_MASTER_RX,521,SLAVE_TO_MASTER,UAV_0,UAV_3,1024,172915,172915,1026668
2932.57,SLAVE_TO_MASTER_RX,521,SLAVE_TO_MASTER,UAV_0,UAV_3,1024,173939,173939,1027692
2932.57,SLAVE_TO_MASTER_RX,521,SLAVE_TO_MASTER,UAV_0,UAV_3,1024,174963,174963,1028716
2932.58,SLAVE_TO_MASTER_RX,521,SLAVE_TO_MASTER,UAV_0,UAV_3,875,175838,175838,1029591
2952.82,SENSOR_TO_MASTER_RX,522,SENSOR_TO_UAV,Sensor_456,UAV_0,1024,427103,427103,1030615
2952.82,SENSOR_TO_MASTER_RX,522,SENSOR_TO_UAV,Sensor_456,UAV_0,1024,428127,428127,1031639
2952.83,SENSOR_TO_MASTER_RX,522,SENSOR_TO_UAV,Sensor_456,UAV_0,1024,429151,429151,1032663
2952.83,SENSOR_TO_MASTER_RX,522,SENSOR_TO_UAV,Sensor_456,UAV_0,970,430121,430121,1033633
2956.27,SLAVE_TO_MASTER_RX,526,SLAVE_TO_MASTER,UAV_1,UAV_0,1024,431145,431145,1034657
2956.27,SLAVE_TO_MASTER_RX,526,SLAVE_TO_MASTER,UAV_1,UAV_0,1024,432169,432169,1035681
2956.27,SLAVE_TO_MASTER_RX,526,SLAVE_TO_MASTER,UAV_1,UAV_0,1024,433193,433193,1036705
2956.27,SLAVE_TO_MASTER_RX,526,SLAVE_TO_MASTER,UAV_1,UAV_0,637,433830,433830,1037342
2958.02,SLAVE_TO_MASTER_RX,527,SLAVE_TO_MASTER,UAV_2,UAV_0,1024,434854,434854,1038366
2958.02,SLAVE_TO_MASTER_RX,528,SLAVE_TO_MASTER,UAV_3,UAV_0,1024,435878,435878,1039390
2958.03,SLAVE_TO_MASTER_RX,527,SLAVE_TO_MASTER,UAV_2,UAV_0,1024,436902,436902,1040414
2958.03,SLAVE_TO_MASTER_RX,528,SLAVE_TO_MASTER,UAV_3,UAV_0,1024,437926,437926,1041438
2958.03,SLAVE_TO_MASTER_RX,527,SLAVE_TO_MASTER,UAV_2,UAV_0,1024,438950,438950,1042462
2958.03,SLAVE_TO_MASTER_RX,528,SLAVE_TO_MASTER,UAV_3,UAV_0,1024,439974,439974,1043486
2958.04,SLAVE_TO_MASTER_RX,527,SLAVE_TO_MASTER,UAV_2,UAV_0,1024,440998,440998,1044510
2958.04,SLAVE_TO_MASTER_RX,528,SLAVE_TO_MASTER,UAV_3,UAV_0,1024,442022,442022,1045534
2958.04,SLAVE_TO_MASTER_RX,527,SLAVE_TO_MASTER,UAV_2,UAV_0,345,442367,442367,1045879
2958.04,SLAVE_TO_MASTER_RX,528,SLAVE_TO_MASTER,UAV_3,UAV_0,582,442949,442949,1046461
2962.63,SENSOR_TO_MASTER_RX,529,SENSOR_TO_UAV,Sensor_398,UAV_0,1024,443973,443973,1047485
2962.63,SENSOR_TO_MASTER_RX,529,SENSOR_TO_UAV,Sensor_398,UAV_0,1024,444997,444997,1048509
2962.63,SENSOR_TO_MASTER_RX,529,SENSOR_TO_UAV,Sensor_398,UAV_0,1024,446021,446021,1049533
2962.64,SENSOR_TO_MASTER_RX,529,SENSOR_TO_UAV,Sensor_398,UAV_0,1024,447045,447045,1050557
2962.64,SENSOR_TO_MASTER_RX,529,SENSOR_TO_UAV,Sensor_398,UAV_0,645,447690,447690,1051202
2966.98,SENSOR_TO_MASTER_RX,530,SENSOR_TO_UAV,Sensor_282,UAV_3,1024,176862,176862,1052226
2966.98,SENSOR_TO_MASTER_RX,530,SENSOR_TO_UAV,Sensor_282,UAV_3,1024,177886,177886,1053250
2966.99,SENSOR_TO_MASTER_RX,530,SENSOR_TO_UAV,Sensor_282,UAV_3,1024,178910,178910,1054274
2966.99,SENSOR_TO_MASTER_RX,530,SENSOR_TO_UAV,Sensor_282,UAV_3,1024,179934,179934,1055298
2967,SENSOR_TO_MASTER_RX,530,SENSOR_TO_UAV,Sensor_282,UAV_3,179,180113,180113,1055477
2971.71,SLAVE_TO_MASTER_RX,532,SLAVE_TO_MASTER,UAV_1,UAV_0,1024,448714,448714,1056501
2971.71,SLAVE_TO_MASTER_RX,532,SLAVE_TO_MASTER,UAV_1,UAV_0,1024,449738,449738,1057525
2971.72,SLAVE_TO_MASTER_RX,532,SLAVE_TO_MASTER,UAV_1,UAV_0,1024,450762,450762,1058549
2971.72,SLAVE_TO_MASTER_RX,532,SLAVE_TO_MASTER,UAV_1,UAV_0,1024,451786,451786,1059573
2971.73,SLAVE_TO_MASTER_RX,532,SLAVE_TO_MASTER,UAV_1,UAV_0,257,452043,452043,1059830
2988.7,SENSOR_TO_MASTER_RX,533,SENSOR_TO_UAV,Sensor_480,UAV_2,1024,190921,190921,1060854
2988.7,SENSOR_TO_MASTER_RX,533,SENSOR_TO_UAV,Sensor_480,UAV_2,1024,191945,191945,1061878
2988.7,SENSOR_TO_MASTER_RX,533,SENSOR_TO_UAV,Sensor_480,UAV_2,1024,192969,192969,1062902
2988.71,SENSOR_TO_MASTER_RX,533,SENSOR_TO_UAV,Sensor_480,UAV_2,1024,193993,193993,1063926
2988.71,SENSOR_TO_MASTER_RX,533,SENSOR_TO_UAV,Sensor_480,UAV_2,199,194192,194192,1064125
3007.55,SENSOR_TO_MASTER_RX,535,SENSOR_TO_UAV,Sensor_203,UAV_1,1024,238801,238801,1065149
3007.55,SENSOR_TO_MASTER_RX,535,SENSOR_TO_UAV,Sensor_203,UAV_1,1024,239825,239825,1066173
3007.55,SENSOR_TO_MASTER_RX,535,SENSOR_TO_UAV,Sensor_203,UAV_1,1024,240849,240849,1067197
3007.55,SENSOR_TO_MASTER_RX,535,SENSOR_TO_UAV,Sensor_203,UAV_1,1024,241873,241873,1068221
3007.56,SENSOR_TO_MASTER_RX,535,SENSOR_TO_UAV,Sensor_203,UAV_1,544,242417,242417,1068765
3008.78,SLAVE_TO_MASTER_RX,536,SLAVE_TO_MASTER,UAV_0,UAV_1,1024,243441,243441,1069789
3008.78,SLAVE_TO_MASTER_RX,536,SLAVE_TO_MASTER,UAV_0,UAV_1,1024,244465,244465,1070813
3008.79,SLAVE_TO_MASTER_RX,536,SLAVE_TO_MASTER,UAV_0,UAV_1,1024,245489,245489,1071837
3008.79,SLAVE_TO_MASTER_RX,536,SLAVE_TO_MASTER,UAV_0,UAV_1,1024,246513,246513,1072861
3008.8,SLAVE_TO_MASTER_RX,536,SLAVE_TO_MASTER,UAV_0,UAV_1,288,246801,246801,1073149
3013.79,SLAVE_TO_MASTER_RX,538,SLAVE_TO_MASTER,UAV_3,UAV_1,1024,247825,247825,1074173
3013.79,SLAVE_TO_MASTER_RX,538,SLAVE_TO_MASTER,UAV_3,UAV_1,1024,248849,248849,1075197
3013.79,SLAVE_TO_MASTER_RX,538,SLAVE_TO_MASTER,UAV_3,UAV_1,1024,249873,249873,1076221
3013.8,SLAVE_TO_MASTER_RX,538,SLAVE_TO_MASTER,UAV_3,UAV_1,1024,250897,250897,1077245
3013.8,SLAVE_TO_MASTER_RX,538,SLAVE_TO_MASTER,UAV_3,UAV_1,532,251429,251429,1077777
3021.49,SLAVE_TO_MASTER_RX,540,SLAVE_TO_MASTER,UAV_2,UAV_1,1024,252453,252453,1078801
3021.49,SLAVE_TO_MASTER_RX,540,SLAVE_TO_MASTER,UAV_2,UAV_1,1024,253477,253477,1079825
3021.49,SLAVE_TO_MASTER_RX,540,SLAVE_TO_MASTER,UAV_2,UAV_1,1024,254501,254501,1080849
3021.49,SLAVE_TO_MASTER_RX,540,SLAVE_TO_MASTER,UAV_2,UAV_1,1024,255525,255525,1081873
3021.5,SLAVE_TO_MASTER_RX,540,SLAVE_TO_MASTER,UAV_2,UAV_1,967,256492,256492,1082840
3027.43,SENSOR_TO_MASTER_RX,541,SENSOR_TO_UAV,Sensor_14,UAV_0,1024,453067,453067,1083864
3027.43,SENSOR_TO_MASTER_RX,541,SENSOR_TO_UAV,Sensor_14,UAV_0,1024,454091,454091,1084888
3027.44,SENSOR_TO_MASTER_RX,541,SENSOR_TO_UAV,Sensor_14,UAV_0,1024,455115,455115,1085912
3027.44,SENSOR_TO_MASTER_RX,541,SENSOR_TO_UAV,Sensor_14,UAV_0,1024,456139,456139,1086936
3027.45,SENSOR_TO_MASTER_RX,541,SENSOR_TO_UAV,Sensor_14,UAV_0,1024,457163,457163,1087960
3027.45,SENSOR_TO_MASTER_RX,541,SENSOR_TO_UAV,Sensor_14,UAV_0,106,457269,457269,1088066
3036.83,SENSOR_TO_MASTER_RX,542,SENSOR_TO_UAV,Sensor_112,UAV_3,1024,181137,181137,1089090
3036.83,SENSOR_TO_MASTER_RX,542,SENSOR_TO_UAV,Sensor_112,UAV_3,1024,182161,182161,1090114
3036.84,SENSOR_TO_MASTER_RX,542,SENSOR_TO_UAV,Sensor_112,UAV_3,1024,183185,183185,1091138
3036.84,SENSOR_TO_MASTER_RX,542,SENSOR_TO_UAV,Sensor_112,UAV_3,1024,184209,184209,1092162
3036.84,SENSOR_TO_MASTER_RX,542,SENSOR_TO_UAV,Sensor_112,UAV_3,186,184395,184395,1092348
3042.45,SLAVE_TO_MASTER_RX,544,SLAVE_TO_MASTER,UAV_1,UAV_0,1024,458293,458293,1093372
3042.45,SLAVE_TO_MASTER_RX,544,SLAVE_TO_MASTER,UAV_1,UAV_0,1024,459317,459317,1094396
3042.46,SLAVE_TO_MASTER_RX,544,SLAVE_TO_MASTER,UAV_1,UAV_0,1024,460341,460341,1095420
3042.46,SLAVE_TO_MASTER_RX,544,SLAVE_TO_MASTER,UAV_1,UAV_0,1024,461365,461365,1096444
3042.47,SLAVE_TO_MASTER_RX,544,SLAVE_TO_MASTER,UAV_1,UAV_0,387,461752,461752,1096831
3058.99,SENSOR_TO_MASTER_RX,546,SENSOR_TO_UAV,Sensor_157,UAV_0,1024,462776,462776,1097855
3059,SENSOR_TO_MASTER_RX,546,SENSOR_TO_UAV,Sensor_157,UAV_0,1024,463800,463800,1098879
3059,SENSOR_TO_MASTER_RX,546,SENSOR_TO_UAV,Sensor_157,UAV_0,1024,464824,464824,1099903
3059,SENSOR_TO_MASTER_RX,546,SENSOR_TO_UAV,Sensor_157,UAV_0,1024,465848,465848,1100927
3059,SENSOR_TO_MASTER_RX,546,SENSOR_TO_UAV,Sensor_157,UAV_0,65,465913,465913,1100992
3059.42,SLAVE_TO_MASTER_RX,548,SLAVE_TO_MASTER,UAV_2,UAV_0,1024,466937,466937,1102016
3059.42,SLAVE_TO_MASTER_RX,548,SLAVE_TO_MASTER,UAV_2,UAV_0,1024,467961,467961,1103040
3059.42,SLAVE_TO_MASTER_RX,548,SLAVE_TO_MASTER,UAV_2,UAV_0,1024,468985,468985,1104064
3059.42,SLAVE_TO_MASTER_RX,548,SLAVE_TO_MASTER,UAV_2,UAV_0,1024,470009,470009,1105088
3059.42,SLAVE_TO_MASTER_RX,548,SLAVE_TO_MASTER,UAV_2,UAV_0,343,470352,470352,1105431
3062.06,SLAVE_TO_MASTER_RX,549,SLAVE_TO_MASTER,UAV_1,UAV_0,1024,471376,471376,1106455
3062.07,SLAVE_TO_MASTER_RX,549,SLAVE_TO_MASTER,UAV_1,UAV_0,1024,472400,472400,1107479
3062.07,SLAVE_TO_MASTER_RX,549,SLAVE_TO_MASTER,UAV_1,UAV_0,1024,473424,473424,1108503
3062.08,SLAVE_TO_MASTER_RX,549,SLAVE_TO_MASTER,UAV_1,UAV_0,1024,474448,474448,1109527
3062.08,SLAVE_TO_MASTER_RX,549,SLAVE_TO_MASTER,UAV_1,UAV_0,258,474706,474706,1109785
3070.7,SENSOR_TO_MASTER_RX,550,SENSOR_TO_UAV,Sensor_237,UAV_3,1024,185419,185419,1110809
3070.7,SENSOR_TO_MASTER_RX,550,SENSOR_TO_UAV,Sensor_237,UAV_3,1024,186443,186443,1111833
3070.71,SENSOR_TO_MASTER_RX,550,SENSOR_TO_UAV,Sensor_237,UAV_3,1024,187467,187467,1112857
3070.71,SENSOR_TO_MASTER_RX,550,SENSOR_TO_UAV,Sensor_237,UAV_3,1024,188491,188491,1113881
3070.72,SENSOR_TO_MASTER_RX,550,SENSOR_TO_UAV,Sensor_237,UAV_3,331,188822,188822,1114212
3084.09,SLAVE_TO_MASTER_RX,553,SLAVE_TO_MASTER,UAV_2,UAV_3,1024,189846,189846,1115236
3084.1,SLAVE_TO_MASTER_RX,553,SLAVE_TO_MASTER,UAV_2,UAV_3,1024,190870,190870,1116260
3084.1,SLAVE_TO_MASTER_RX,553,SLAVE_TO_MASTER,UAV_2,UAV_3,1024,191894,191894,1117284
3084.1,SLAVE_TO_MASTER_RX,553,SLAVE_TO_MASTER,UAV_2,UAV_3,1024,192918,192918,1118308
3084.11,SLAVE_TO_MASTER_RX,553,SLAVE_TO_MASTER,UAV_2,UAV_3,20,192938,192938,1118328
3085.48,SLAVE_TO_MASTER_RX,554,SLAVE_TO_MASTER,UAV_1,UAV_3,1024,193962,193962,1119352
3085.48,SLAVE_TO_MASTER_RX,554,SLAVE_TO_MASTER,UAV_1,UAV_3,1024,194986,194986,1120376
3085.49,SLAVE_TO_MASTER_RX,554,SLAVE_TO_MASTER,UAV_1,UAV_3,1024,196010,196010,1121400
3085.49,SLAVE_TO_MASTER_RX,554,SLAVE_TO_MASTER,UAV_1,UAV_3,1024,197034,197034,1122424
3085.5,SLAVE_TO_MASTER_RX,554,SLAVE_TO_MASTER,UAV_1,UAV_3,486,197520,197520,1122910
3093.58,SLAVE_TO_MASTER_RX,556,SLAVE_TO_MASTER,UAV_0,UAV_3,1024,198544,198544,1123934
3093.58,SLAVE_TO_MASTER_RX,556,SLAVE_TO_MASTER,UAV_0,UAV_3,1024,199568,199568,1124958
3093.58,SLAVE_TO_MASTER_RX,556,SLAVE_TO_MASTER,UAV_0,UAV_3,1024,200592,200592,1125982
3093.59,SLAVE_TO_MASTER_RX,556,SLAVE_TO_MASTER,UAV_0,UAV_3,1004,201596,201596,1126986
3106.64,SENSOR_TO_MASTER_RX,557,SENSOR_TO_UAV,Sensor_23,UAV_3,1024,202620,202620,1128010
3106.64,SENSOR_TO_MASTER_RX,557,SENSOR_TO_UAV,Sensor_23,UAV_3,1024,203644,203644,1129034
3106.64,SENSOR_TO_MASTER_RX,557,SENSOR_TO_UAV,Sensor_23,UAV_3,1024,204668,204668,1130058
3106.65,SENSOR_TO_MASTER_RX,557,SENSOR_TO_UAV,Sensor_23,UAV_3,1024,205692,205692,1131082
3106.65,SENSOR_TO_MASTER_RX,557,SENSOR_TO_UAV,Sensor_23,UAV_3,452,206144,206144,1131534
3133.99,SLAVE_TO_MASTER_RX,559,SLAVE_TO_MASTER,UAV_1,UAV_0,1024,475730,475730,1132558
3133.99,SLAVE_TO_MASTER_RX,559,SLAVE_TO_MASTER,UAV_1,UAV_0,1024,476754,476754,1133582
3134,SLAVE_TO_MASTER_RX,559,SLAVE_TO_MASTER,UAV_1,UAV_0,1024,477778,477778,1134606
3134,SLAVE_TO_MASTER_RX,559,SLAVE_TO_MASTER,UAV_1,UAV_0,1024,478802,478802,1135630
3134,SLAVE_TO_MASTER_RX,559,SLAVE_TO_MASTER,UAV_1,UAV_0,580,479382,479382,1136210
3137.39,SENSOR_TO_MASTER_RX,560,SENSOR_TO_UAV,Sensor_127,UAV_2,1024,195216,195216,1137234
3137.4,SENSOR_TO_MASTER_RX,560,SENSOR_TO_UAV,Sensor_127,UAV_2,1024,196240,196240,1138258
3137.4,SENSOR_TO_MASTER_RX,560,SENSOR_TO_UAV,Sensor_127,UAV_2,1024,197264,197264,1139282
3137.4,SENSOR_TO_MASTER_RX,560,SENSOR_TO_UAV,Sensor_127,UAV_2,1024,198288,198288,1140306
3137.41,SENSOR_TO_MASTER_RX,560,SENSOR_TO_UAV,Sensor_127,UAV_2,627,198915,198915,1140933
3141.67,SENSOR_TO_MASTER_RX,562,SENSOR_TO_UAV,Sensor_450,UAV_0,1024,480406,480406,1141957
3141.67,SENSOR_TO_MASTER_RX,562,SENSOR_TO_UAV,Sensor_450,UAV_0,1024,481430,481430,1142981
3141.67,SENSOR_TO_MASTER_RX,562,SENSOR_TO_UAV,Sensor_450,UAV_0,1024,482454,482454,1144005
3141.67,SENSOR_TO_MASTER_RX,562,SENSOR_TO_UAV,Sensor_450,UAV_0,1024,483478,483478,1145029
3141.68,SENSOR_TO_MASTER_RX,562,SENSOR_TO_UAV,Sensor_450,UAV_0,688,484166,484166,1145717
3143.74,SLAVE_TO_MASTER_RX,563,SLAVE_TO_MASTER,UAV_3,UAV_2,1024,199939,199939,1146741
3143.75,SLAVE_TO_MASTER_RX,563,SLAVE_TO_MASTER,UAV_3,UAV_2,1024,200963,200963,1147765
3143.75,SLAVE_TO_MASTER_RX,563,SLAVE_TO_MASTER,UAV_3,UAV_2,1024,201987,201987,1148789
3143.76,SLAVE_TO_MASTER_RX,563,SLAVE_TO_MASTER,UAV_3,UAV_2,917,202904,202904,1149706
3151.97,SENSOR_TO_MASTER_RX,564,SENSOR_TO_UAV,Sensor_355,UAV_2,1024,203928,203928,1150730
3151.97,SENSOR_TO_MASTER_RX,564,SENSOR_TO_UAV,Sensor_355,UAV_2,1024,204952,204952,1151754
3151.97,SENSOR_TO_MASTER_RX,564,SENSOR_TO_UAV,Sensor_355,UAV_2,1024,205976,205976,1152778
3151.97,SENSOR_TO_MASTER_RX,564,SENSOR_TO_UAV,Sensor_355,UAV_2,1024,207000,207000,1153802
3151.98,SENSOR_TO_MASTER_RX,564,SENSOR_TO_UAV,Sensor_355,UAV_2,732,207732,207732,1154534
3162.85,SLAVE_TO_MASTER_RX,566,SLAVE_TO_MASTER,UAV_1,UAV_2,1024,208756,208756,1155558
3162.85,SLAVE_TO_MASTER_RX,566,SLAVE_TO_MASTER,UAV_1,UAV_2,1024,209780,209780,1156582
3162.85,SLAVE_TO_MASTER_RX,566,SLAVE_TO_MASTER,UAV_1,UAV_2,1024,210804,210804,1157606
3162.86,SLAVE_TO_MASTER_RX,566,SLAVE_TO_MASTER,UAV_1,UAV_2,1024,211828,211828,1158630
3162.86,SLAVE_TO_MASTER_RX,566,SLAVE_TO_MASTER,UAV_1,UAV_2,774,212602,212602,1159404
3188.09,SLAVE_TO_MASTER_RX,568,SLAVE_TO_MASTER,UAV_0,UAV_2,1024,213626,213626,1160428
3188.09,SLAVE_TO_MASTER_RX,568,SLAVE_TO_MASTER,UAV_0,UAV_2,1024,214650,214650,1161452
3188.09,SLAVE_TO_MASTER_RX,568,SLAVE_TO_MASTER,UAV_0,UAV_2,1024,215674,215674,1162476
3188.1,SLAVE_TO_MASTER_RX,568,SLAVE_TO_MASTER,UAV_0,UAV_2,1024,216698,216698,1163500
3188.1,SLAVE_TO_MASTER_RX,568,SLAVE_TO_MASTER,UAV_0,UAV_2,1024,217722,217722,1164524
3188.11,SLAVE_TO_MASTER_RX,568,SLAVE_TO_MASTER,UAV_0,UAV_2,817,218539,218539,1165341
3205.19,SENSOR_TO_MASTER_RX,569,SENSOR_TO_UAV,Sensor_372,UAV_0,1024,485190,485190,1166365
3205.19,SENSOR_TO_MASTER_RX,569,SENSOR_TO_UAV,Sensor_372,UAV_0,1024,486214,486214,1167389
3205.2,SENSOR_TO_MASTER_RX,569,SENSOR_TO_UAV,Sensor_372,UAV_0,1024,487238,487238,1168413
3205.2,SENSOR_TO_MASTER_RX,569,SENSOR_TO_UAV,Sensor_372,UAV_0,1024,488262,488262,1169437
3205.2,SENSOR_TO_MASTER_RX,569,SENSOR_TO_UAV,Sensor_372,UAV_0,113,488375,488375,1169550
3211.51,SLAVE_TO_MASTER_RX,573,SLAVE_TO_MASTER,UAV_2,UAV_0,1024,489399,489399,1170574
3211.51,SLAVE_TO_MASTER_RX,573,SLAVE_TO_MASTER,UAV_2,UAV_0,1024,490423,490423,1171598
3211.52,SLAVE_TO_MASTER_RX,573,SLAVE_TO_MASTER,UAV_2,UAV_0,1024,491447,491447,1172622
3211.52,SLAVE_TO_MASTER_RX,573,SLAVE_TO_MASTER,UAV_2,UAV_0,1024,492471,492471,1173646
3211.53,SLAVE_TO_MASTER_RX,574,SLAVE_TO_MASTER,UAV_1,UAV_0,1024,493495,493495,1174670
3211.53,SLAVE_TO_MASTER_RX,573,SLAVE_TO_MASTER,UAV_2,UAV_0,9,493504,493504,1174679
3211.53,SLAVE_TO_MASTER_RX,574,SLAVE_TO_MASTER,UAV_1,UAV_0,1024,494528,494528,1175703
3211.54,SLAVE_TO_MASTER_RX,574,SLAVE_TO_MASTER,UAV_1,UAV_0,1024,495552,495552,1176727
3211.54,SLAVE_TO_MASTER_RX,574,SLAVE_TO_MASTER,UAV_1,UAV_0,811,496363,496363,1177538
3212.12,SLAVE_TO_MASTER_RX,575,SLAVE_TO_MASTER,UAV_3,UAV_0,1024,497387,497387,1178562
3212.12,SLAVE_TO_MASTER_RX,575,SLAVE_TO_MASTER,UAV_3,UAV_0,1024,498411,498411,1179586
3212.13,SLAVE_TO_MASTER_RX,575,SLAVE_TO_MASTER,UAV_3,UAV_0,1024,499435,499435,1180610
3212.13,SLAVE_TO_MASTER_RX,575,SLAVE_TO_MASTER,UAV_3,UAV_0,1024,500459,500459,1181634
3212.14,SLAVE_TO_MASTER_RX,575,SLAVE_TO_MASTER,UAV_3,UAV_0,372,500831,500831,1182006
3215.34,SENSOR_TO_MASTER_RX,577,SENSOR_TO_UAV,Sensor_116,UAV_3,1024,207168,207168,1183030
3215.34,SENSOR_TO_MASTER_RX,577,SENSOR_TO_UAV,Sensor_116,UAV_3,1024,208192,208192,1184054
3215.35,SENSOR_TO_MASTER_RX,577,SENSOR_TO_UAV,Sensor_116,UAV_3,1024,209216,209216,1185078
3215.35,SENSOR_TO_MASTER_RX,577,SENSOR_TO_UAV,Sensor_116,UAV_3,1024,210240,210240,1186102
3215.36,SENSOR_TO_MASTER_RX,577,SENSOR_TO_UAV,Sensor_116,UAV_3,498,210738,210738,1186600
3217.07,SLAVE_TO_MASTER_RX,578,SLAVE_TO_MASTER,UAV_1,UAV_3,1024,211762,211762,1187624
3217.07,SLAVE_TO_MASTER_RX,578,SLAVE_TO_MASTER,UAV_1,UAV_3,1024,212786,212786,1188648
3217.07,SLAVE_TO_MASTER_RX,578,SLAVE_TO_MASTER,UAV_1,UAV_3,1024,213810,213810,1189672
3217.08,SLAVE_TO_MASTER_RX,578,SLAVE_TO_MASTER,UAV_1,UAV_3,1024,214834,214834,1190696
3217.08,SLAVE_TO_MASTER_RX,578,SLAVE_TO_MASTER,UAV_1,UAV_3,1024,215858,215858,1191720
3217.09,SLAVE_TO_MASTER_RX,578,SLAVE_TO_MASTER,UAV_1,UAV_3,183,216041,216041,1191903
3230.58,SLAVE_TO_MASTER_RX,580,SLAVE_TO_MASTER,UAV_0,UAV_3,1024,217065,217065,1192927
3230.58,SLAVE_TO_MASTER_RX,580,SLAVE_TO_MASTER,UAV_0,UAV_3,1024,218089,218089,1193951
3230.59,SLAVE_TO_MASTER_RX,580,SLAVE_TO_MASTER,UAV_0,UAV_3,1024,219113,219113,1194975
3230.59,SLAVE_TO_MASTER_RX,580,SLAVE_TO_MASTER,UAV_0,UAV_3,1024,220137,220137,1195999
3230.6,SLAVE_TO_MASTER_RX,580,SLAVE_TO_MASTER,UAV_0,UAV_3,93,220230,220230,1196092
3238.88,SENSOR_TO_MASTER_RX,581,SENSOR_TO_UAV,Sensor_233,UAV_3,1024,221254,221254,1197116
3238.88,SENSOR_TO_MASTER_RX,581,SENSOR_TO_UAV,Sensor_233,UAV_3,1024,222278,222278,1198140
3238.89,SENSOR_TO_MASTER_RX,581,SENSOR_TO_UAV,Sensor_233,UAV_3,1024,223302,223302,1199164
3238.89,SENSOR_TO_MASTER_RX,581,SENSOR_TO_UAV,Sensor_233,UAV_3,928,224230,224230,1200092
3329.08,SENSOR_TO_MASTER_RX,582,SENSOR_TO_UAV,Sensor_483,UAV_2,1024,219563,219563,1201116
3329.08,SENSOR_TO_MASTER_RX,582,SENSOR_TO_UAV,Sensor_483,UAV_2,189,219752,219752,1201305
3370.82,SENSOR_TO_MASTER_RX,583,SENSOR_TO_UAV,Sensor_285,UAV_0,1024,501855,501855,1202329
3370.82,SENSOR_TO_MASTER_RX,583,SENSOR_TO_UAV,Sensor_285,UAV_0,1024,502879,502879,1203353
3370.82,SENSOR_TO_MASTER_RX,583,SENSOR_TO_UAV,Sensor_285,UAV_0,1024,503903,503903,1204377
3370.83,SENSOR_TO_MASTER_RX,583,SENSOR_TO_UAV,Sensor_285,UAV_0,1024,504927,504927,1205401
3370.83,SENSOR_TO_MASTER_RX,583,SENSOR_TO_UAV,Sensor_285,UAV_0,86,505013,505013,1205487
3387.96,SLAVE_TO_MASTER_RX,586,SLAVE_TO_MASTER,UAV_2,UAV_1,1024,257516,257516,1206511
3387.96,SLAVE_TO_MASTER_RX,586,SLAVE_TO_MASTER,UAV_2,UAV_1,496,258012,258012,1207007
3388.89,SLAVE_TO_MASTER_RX,588,SLAVE_TO_MASTER,UAV_1,UAV_3,1024,225254,225254,1208031
3388.89,SLAVE_TO_MASTER_RX,588,SLAVE_TO_MASTER,UAV_1,UAV_3,511,225765,225765,1208542
3389.29,SLAVE_TO_MASTER_RX,590,SLAVE_TO_MASTER,UAV_2,UAV_1,1024,259036,259036,1209566
3389.29,SLAVE_TO_MASTER_RX,590,SLAVE_TO_MASTER,UAV_2,UAV_1,501,259537,259537,1210067
3390.34,SLAVE_TO_MASTER_RX,591,SLAVE_TO_MASTER,UAV_1,UAV_3,1024,226789,226789,1211091
3390.34,SLAVE_TO_MASTER_RX,591,SLAVE_TO_MASTER,UAV_1,UAV_3,606,227395,227395,1211697
3391.94,SENSOR_TO_MASTER_RX,592,SENSOR_TO_UAV,Sensor_141,UAV_3,396,227791,227791,1212093
3392.23,SENSOR_TO_MASTER_RX,593,SENSOR_TO_UAV,Sensor_3,UAV_3,1024,228815,228815,1213117
3392.24,SENSOR_TO_MASTER_RX,593,SENSOR_TO_UAV,Sensor_3,UAV_3,261,229076,229076,1213378
3393.01,SLAVE_TO_MASTER_RX,596,SLAVE_TO_MASTER,UAV_0,UAV_3,961,230037,230037,1214339
3393.3,SENSOR_TO_MASTER_RX,599,SENSOR_TO_UAV,Sensor_295,UAV_3,1024,231061,231061,1215363
3393.3,SENSOR_TO_MASTER_RX,599,SENSOR_TO_UAV,Sensor_295,UAV_3,516,231577,231577,1215879
3393.63,SLAVE_TO_MASTER_RX,600,SLAVE_TO_MASTER,UAV_2,UAV_0,1024,506037,506037,1216903
3393.63,SLAVE_TO_MASTER_RX,600,SLAVE_TO_MASTER,UAV_2,UAV_0,1,506038,506038,1216904
3394.1,SLAVE_TO_MASTER_RX,602,SLAVE_TO_MASTER,UAV_1,UAV_0,1024,507062,507062,1217928
3394.1,SLAVE_TO_MASTER_RX,602,SLAVE_TO_MASTER,UAV_1,UAV_0,506,507568,507568,1218434
3394.12,SLAVE_TO_MASTER_RX,603,SLAVE_TO_MASTER,UAV_0,UAV_3,1024,232601,232601,1219458
3394.12,SLAVE_TO_MASTER_RX,603,SLAVE_TO_MASTER,UAV_0,UAV_3,166,232767,232767,1219624
3394.91,SLAVE_TO_MASTER_RX,606,SLAVE_TO_MASTER,UAV_2,UAV_0,1024,508592,508592,1220648
3394.92,SLAVE_TO_MASTER_RX,606,SLAVE_TO_MASTER,UAV_2,UAV_0,581,509173,509173,1221229
3395.26,SLAVE_TO_MASTER_RX,607,SLAVE_TO_MASTER,UAV_0,UAV_3,1024,233791,233791,1222253
3395.26,SLAVE_TO_MASTER_RX,607,SLAVE_TO_MASTER,UAV_0,UAV_3,251,234042,234042,1222504
3395.5,SLAVE_TO_MASTER_RX,609,SLAVE_TO_MASTER,UAV_1,UAV_0,1024,510197,510197,1223528
3395.5,SLAVE_TO_MASTER_RX,609,SLAVE_TO_MASTER,UAV_1,UAV_0,686,510883,510883,1224214
3396.64,SLAVE_TO_MASTER_RX,610,SLAVE_TO_MASTER,UAV_0,UAV_3,1024,235066,235066,1225238
3396.64,SLAVE_TO_MASTER_RX,610,SLAVE_TO_MASTER,UAV_0,UAV_3,586,235652,235652,1225824
3397.01,SENSOR_TO_MASTER_RX,611,SENSOR_TO_UAV,Sensor_302,UAV_1,1024,260561,260561,1226848
3397.01,SENSOR_TO_MASTER_RX,611,SENSOR_TO_UAV,Sensor_302,UAV_1,101,260662,260662,1226949
3397.98,SENSOR_TO_MASTER_RX,612,SENSOR_TO_UAV,Sensor_493,UAV_1,1024,261686,261686,1227973
3397.98,SENSOR_TO_MASTER_RX,612,SENSOR_TO_UAV,Sensor_493,UAV_1,181,261867,261867,1228154
3398.35,SENSOR_TO_MASTER_RX,613,SENSOR_TO_UAV,Sensor_427,UAV_3,1024,236676,236676,1229178
3398.35,SENSOR_TO_MASTER_RX,613,SENSOR_TO_UAV,Sensor_427,UAV_3,501,237177,237177,1229679
3398.97,SENSOR_TO_MASTER_RX,614,SENSOR_TO_UAV,Sensor_8,UAV_1,1024,262891,262891,1230703
3398.97,SENSOR_TO_MASTER_RX,614,SENSOR_TO_UAV,Sensor_8,UAV_1,276,263167,263167,1230979
3399.41,SENSOR_TO_MASTER_RX,615,SENSOR_TO_UAV,Sensor_21,UAV_3,1024,238201,238201,1232003
3399.42,SENSOR_TO_MASTER_RX,615,SENSOR_TO_UAV,Sensor_21,UAV_3,661,238862,238862,1232664
3482.95,SENSOR_TO_MASTER_RX,616,SENSOR_TO_UAV,Sensor_498,UAV_2,1024,220776,220776,1233688
3482.95,SENSOR_TO_MASTER_RX,616,SENSOR_TO_UAV,Sensor_498,UAV_2,321,221097,221097,1234009
3484.03,SENSOR_TO_MASTER_RX,617,SENSOR_TO_UAV,Sensor_256,UAV_2,1024,222121,222121,1235033
3484.03,SENSOR_TO_MASTER_RX,617,SENSOR_TO_UAV,Sensor_256,UAV_2,381,222502,222502,1235414
3485.14,SENSOR_TO_MASTER_RX,618,SENSOR_TO_UAV,Sensor_78,UAV_2,1024,223526,223526,1236438
3485.14,SENSOR_TO_MASTER_RX,618,SENSOR_TO_UAV,Sensor_78,UAV_2,491,224017,224017,1236929
3486.36,SENSOR_TO_MASTER_RX,619,SENSOR_TO_UAV,Sensor_126,UAV_2,1024,225041,225041,1237953
3486.36,SENSOR_TO_MASTER_RX,619,SENSOR_TO_UAV,Sensor_126,UAV_2,576,225617,225617,1238529
